lock_WSV,river,year,FRA,Lad_t,Tragf_t,FTK,SpB,Son,SpB_Son,FTK_SpB_Son,FRA_FTK_SpB_Son,lock_ID_WSV,WSV_ID,Efficiency,n_empty
Abwinden,Danube,1994,14523,9986502,16804264,4392,786,221,880,5273,19796,lo_01,lo_01_1994,,
Abwinden,Danube,1995,14523,9986502,16804264,4392,786,221,880,5273,19796,lo_01,lo_01_1995,,
Abwinden,Danube,1996,14523,9986502,16804264,4392,786,221,880,5273,19796,lo_01,lo_01_1996,,
Abwinden,Danube,1997,14523,9986502,16804264,4392,786,221,880,5273,19796,lo_01,lo_01_1997,,
Abwinden,Danube,1998,14523,9986502,16804264,4392,786,221,880,5273,19796,lo_01,lo_01_1998,,
Abwinden,Danube,1999,14523,9986502,16804264,4392,786,221,880,5273,19796,lo_01,lo_01_1999,,
Abwinden,Danube,2000,14523,10979904,16804264,4392,786,221,880,5273,19796,lo_01,lo_01_2000,,
Abwinden,Danube,2001,14523,11633673,16804264,4392,786,221,880,5273,19796,lo_01,lo_01_2001,,
Abwinden,Danube,2002,14523,12316450,16804264,4392,786,221,880,5273,19796,lo_01,lo_01_2002,,
Abwinden,Danube,2003,14523,10737354,16804264,4392,786,221,880,5273,19796,lo_01,lo_01_2003,,
Abwinden,Danube,2004,14523,9072006,16804264,4392,786,221,880,5273,19796,lo_01,lo_01_2004,,
Abwinden,Danube,2005,14523,9336126,16804264,4392,786,221,880,5273,19796,lo_01,lo_01_2005,,
Abwinden,Danube,2006,14523,10844164,17391602,4392,786,221,880,5273,19796,lo_01,lo_01_2006,,
Abwinden,Danube,2007,14523,12106540,18875427,4392,786,221,880,5273,19796,lo_01,lo_01_2007,,
Abwinden,Danube,2008,14523,11208711,18506789,4392,786,221,880,5273,19796,lo_01,lo_01_2008,,
Abwinden,Danube,2009,13147,9321810,15565770,3292,951,,951,4243,17390,lo_01,lo_01_2009,,
Abwinden,Danube,2010,13962,11052079,17177701,3347,828,,828,4175,18137,lo_01,lo_01_2010,,
Abwinden,Danube,2011,13837,9943288,16721126,3560,920,,920,4480,18317,lo_01,lo_01_2011,,
Abwinden,Danube,2012,15534,10714007,16202904,4832,711,,711,5543,21077,lo_01,lo_01_2012,,
Abwinden,Danube,2013,15467,10709847,16466329,4770,625,203,828,5598,21065,lo_01,lo_01_2013,,
Abwinden,Danube,2014,16078,10121726,16583454,5468,669,241,910,6378,22456,lo_01,lo_01_2014,,
Abwinden,Danube,2015,13639,8599355,14551540,5478,796,219,1015,6493,20132,lo_01,lo_01_2015,,
Altenwörth,Danube,1994,12995,9986502,16804264,3641,962,201,1048,4689,17684,lo_02,lo_02_1994,,
Altenwörth,Danube,1995,12995,9986502,16804264,3641,962,201,1048,4689,17684,lo_02,lo_02_1995,,
Altenwörth,Danube,1996,12995,9986502,16804264,3641,962,201,1048,4689,17684,lo_02,lo_02_1996,,
Altenwörth,Danube,1997,12995,9986502,16804264,3641,962,201,1048,4689,17684,lo_02,lo_02_1997,,
Altenwörth,Danube,1998,12995,9986502,16804264,3641,962,201,1048,4689,17684,lo_02,lo_02_1998,,
Altenwörth,Danube,1999,12995,9986502,16804264,3641,962,201,1048,4689,17684,lo_02,lo_02_1999,,
Altenwörth,Danube,2000,12995,10979904,16804264,3641,962,201,1048,4689,17684,lo_02,lo_02_2000,,
Altenwörth,Danube,2001,12995,11633673,16804264,3641,962,201,1048,4689,17684,lo_02,lo_02_2001,,
Altenwörth,Danube,2002,12995,12316450,16804264,3641,962,201,1048,4689,17684,lo_02,lo_02_2002,,
Altenwörth,Danube,2003,12995,10737354,16804264,3641,962,201,1048,4689,17684,lo_02,lo_02_2003,,
Altenwörth,Danube,2004,12995,9072006,16804264,3641,962,201,1048,4689,17684,lo_02,lo_02_2004,,
Altenwörth,Danube,2005,12995,9336126,16804264,3641,962,201,1048,4689,17684,lo_02,lo_02_2005,,
Altenwörth,Danube,2006,12995,10844164,17391602,3641,962,201,1048,4689,17684,lo_02,lo_02_2006,,
Altenwörth,Danube,2007,12995,12106540,18875427,3641,962,201,1048,4689,17684,lo_02,lo_02_2007,,
Altenwörth,Danube,2008,12995,11208711,18506789,3641,962,201,1048,4689,17684,lo_02,lo_02_2008,,
Altenwörth,Danube,2009,13814,9321810,15565770,3342,1138,,1138,4480,18294,lo_02,lo_02_2009,,
Altenwörth,Danube,2010,14879,11052079,17177701,3430,958,,958,4388,19267,lo_02,lo_02_2010,,
Altenwörth,Danube,2011,13972,9943288,16721126,3677,1131,,1131,4808,18780,lo_02,lo_02_2011,,
Altenwörth,Danube,2012,12291,10714007,16202904,3454,854,,854,4308,16599,lo_02,lo_02_2012,,
Altenwörth,Danube,2013,12577,10709847,16466329,3349,846,174,1020,4369,16946,lo_02,lo_02_2013,,
Altenwörth,Danube,2014,12658,10121726,16583454,4067,720,266,986,5053,17711,lo_02,lo_02_2014,,
Altenwörth,Danube,2015,10773,8599355,14551540,4167,1089,162,1251,5418,16191,lo_02,lo_02_2015,,
Amerongen,Lek,1994,10354,5298786,7429547,,,,,,10354,lo_03,lo_03_1994,,
Amerongen,Lek,1995,10354,5298786,7429547,,,,,,10354,lo_03,lo_03_1995,,
Amerongen,Lek,1996,10354,5298786,7429547,,,,,,10354,lo_03,lo_03_1996,,
Amerongen,Lek,1997,10354,5298786,7429547,,,,,,10354,lo_03,lo_03_1997,,
Amerongen,Lek,1998,10354,5298786,7429547,,,,,,10354,lo_03,lo_03_1998,,
Amerongen,Lek,1999,10354,5298786,7429547,,,,,,10354,lo_03,lo_03_1999,,
Amerongen,Lek,2000,10354,5298786,7429547,,,,,,10354,lo_03,lo_03_2000,,
Amerongen,Lek,2001,10354,5298786,7429547,,,,,,10354,lo_03,lo_03_2001,,
Amerongen,Lek,2002,10354,5298786,7429547,,,,,,10354,lo_03,lo_03_2002,,
Amerongen,Lek,2003,10354,5298786,7429547,,,,,,10354,lo_03,lo_03_2003,,
Amerongen,Lek,2004,10912,5907334,7301133,,,,,,10912,lo_03,lo_03_2004,,
Amerongen,Lek,2005,12049,5723925,7323607,,,,,,12049,lo_03,lo_03_2005,,
Amerongen,Lek,2006,10559,5042015,6600103,,,,,,10559,lo_03,lo_03_2006,,
Amerongen,Lek,2007,9384,4918577,6243690,,,,,,9384,lo_03,lo_03_2007,,
Amerongen,Lek,2008,10863,5706296,7542151,,,,,,10863,lo_03,lo_03_2008,,
Amerongen,Lek,2009,10155,4836705,7296062,,,,,,10155,lo_03,lo_03_2009,,
Amerongen,Lek,2010,10703,5550840,8039358,,,,,,10703,lo_03,lo_03_2010,,
Amerongen,Lek,2011,11038,5290539,8702189,,,,,,11038,lo_03,lo_03_2011,,
Amerongen,Lek,2012,10420,5341758,7825848,,,,,,10420,lo_03,lo_03_2012,,
Amerongen,Lek,2013,8487,4713176,7021882,,,,,,8487,lo_03,lo_03_2013,,
Amerongen,Lek,2014,9323,5255482,7828993,,,,,,9323,lo_03,lo_03_2014,,
Amerongen,Lek,2015,9323,5575901,7828993,,,,,,9323,lo_03,lo_03_2015,,
Bernburg,Saale,1994,589,39930,155311,57,322,245,567,624,1213,lo_04,lo_04_1994,,
Bernburg,Saale,1995,589,39930,155311,57,322,245,567,624,1213,lo_04,lo_04_1995,,
Bernburg,Saale,1996,436,33064,105234,36,395,461,856,892,1328,lo_04,lo_04_1996,,
Bernburg,Saale,1997,554,70376,212766,75,495,655,1150,1225,1779,lo_04,lo_04_1997,,
Bernburg,Saale,1998,165,29716,82796,54,476,524,1000,1054,1219,lo_04,lo_04_1998,,
Bernburg,Saale,1999,160,31119,89553,61,642,437,1079,1140,1300,lo_04,lo_04_1999,,
Bernburg,Saale,2000,225,44169,111702,46,563,431,994,1040,1265,lo_04,lo_04_2000,,
Bernburg,Saale,2001,59,9765,34668,71,603,528,1131,1202,1261,lo_04,lo_04_2001,,
Bernburg,Saale,2002,71,8078,25462,60,692,931,1623,1683,1754,lo_04,lo_04_2002,,
Bernburg,Saale,2003,32,4660,11894,46,797,514,1311,1357,1389,lo_04,lo_04_2003,,
Bernburg,Saale,2004,82,7826,35061,61,687,1018,1705,1766,1848,lo_04,lo_04_2004,,
Bernburg,Saale,2005,51,6100,26620,39,738,445,1183,1222,1273,lo_04,lo_04_2005,,
Bernburg,Saale,2006,9,0,92,46,737,524,1261,1307,1316,lo_04,lo_04_2006,,
Bernburg,Saale,2007,50,480,6216,43,721,490,1211,1254,1304,lo_04,lo_04_2007,,
Bernburg,Saale,2008,100,1460,24464,49,732,514,1246,1295,1395,lo_04,lo_04_2008,,
Bernburg,Saale,2009,17,0,3828,71,931,664,1595,1666,1683,lo_04,lo_04_2009,,
Bernburg,Saale,2010,17,0,1525,69,813,510,1323,1392,1409,lo_04,lo_04_2010,,
Bernburg,Saale,2011,39,2263,14410,85,904,333,1237,1322,1361,lo_04,lo_04_2011,,
Bernburg,Saale,2012,12,0,184,153,917,465,1382,1535,1547,lo_04,lo_04_2012,,
Bernburg,Saale,2013,8,370,9078,159,709,562,1271,1430,1438,lo_04,lo_04_2013,,
Bernburg,Saale,2014,2,0,0,195,937,372,1309,1504,1506,lo_04,lo_04_2014,,
Bernburg,Saale,2015,2,0,0,195,937,372,1309,1504,1506,lo_04,lo_04_2015,,
Brandenburg,Havel,1994,17816,5540325,11536551,298,3302,980,4282,4580,22396,lo_05,lo_05_1994,,
Brandenburg,Havel,1995,17816,5540325,11536551,298,3302,980,4282,4580,22396,lo_05,lo_05_1995,,
Brandenburg,Havel,1996,15294,4732225,10264159,263,8153,1549,9702,9965,25259,lo_05,lo_05_1996,,
Brandenburg,Havel,1997,16360,4536833,11071881,148,3604,1327,4931,5079,21439,lo_05,lo_05_1997,,
Brandenburg,Havel,1998,16572,4116456,9297466,222,4001,1017,5018,5240,21812,lo_05,lo_05_1998,,
Brandenburg,Havel,1999,16121,3575682,8304898,285,6253,1247,7500,7785,23906,lo_05,lo_05_1999,,
Brandenburg,Havel,2000,14128,3210124,7574318,312,5839,1075,6914,7226,21354,lo_05,lo_05_2000,,
Brandenburg,Havel,2001,11231,2660133,5752591,405,5986,1286,7272,7677,18908,lo_05,lo_05_2001,,
Brandenburg,Havel,2002,11559,2912328,6159466,304,5946,1208,7154,7458,19017,lo_05,lo_05_2002,,
Brandenburg,Havel,2003,10753,2531372,5944745,275,6713,1389,8102,8377,19130,lo_05,lo_05_2003,,
Brandenburg,Havel,2004,12622,3257925,6480652,278,6969,1345,8314,8592,21214,lo_05,lo_05_2004,,
Brandenburg,Havel,2005,13263,3553297,6868274,327,7531,1494,9025,9352,22615,lo_05,lo_05_2005,,
Brandenburg,Havel,2006,11276,3029956,5836935,365,7654,1315,8969,9334,20610,lo_05,lo_05_2006,,
Brandenburg,Havel,2007,11610,3296212,6237748,436,8218,1097,9315,9751,21361,lo_05,lo_05_2007,,
Brandenburg,Havel,2008,11283,2976709,5651188,443,8501,1176,9677,10120,21403,lo_05,lo_05_2008,78,2730
Brandenburg,Havel,2009,9963,2729138,5855703,386,9442,1107,10549,10935,20898,lo_05,lo_05_2009,,
Brandenburg,Havel,2010,10037,3145968,6175754,401,9656,1022,10678,11079,21116,lo_05,lo_05_2010,,
Brandenburg,Havel,2011,11082,3297159,6626316,384,10568,1181,11749,12133,23215,lo_05,lo_05_2011,,
Brandenburg,Havel,2012,9847,3236902,6537309,368,10947,911,11858,12226,22073,lo_05,lo_05_2012,,
Brandenburg,Havel,2013,9920,3457177,6847481,393,10493,719,11212,11605,21525,lo_05,lo_05_2013,,
Brandenburg,Havel,2014,9488,3401896,6973515,397,11395,739,12134,12531,22019,lo_05,lo_05_2014,,
Brandenburg,Havel,2015,9488,3401896,6973515,397,11395,739,12134,12531,22019,lo_05,lo_05_2015,,
lo_06,Havel,1994,25950,4457015,9243087,2908,17459,1475,18934,21842,47792,lo_06,lo_06_1994,,
lo_06,Havel,1995,25950,4457015,9243087,2908,17459,1475,18934,21842,47792,lo_06,lo_06_1995,,
lo_06,Havel,1996,27273,4319317,9416154,2642,16131,1531,17662,20304,47577,lo_06,lo_06_1996,,
lo_06,Havel,1997,26487,3739994,8791850,2562,16036,1435,17471,20033,46520,lo_06,lo_06_1997,,
lo_06,Havel,1998,20643,2780191,6420998,2608,16934,1326,18260,20868,41511,lo_06,lo_06_1998,,
lo_06,Havel,1999,21892,2712956,6462973,2571,18210,1647,19857,22428,44320,lo_06,lo_06_1999,,
lo_06,Havel,2000,18022,2153864,5034005,2530,17468,1725,19193,21723,39745,lo_06,lo_06_2000,,
lo_06,Havel,2001,20968,2583604,5632718,2373,17970,1604,19574,21947,42915,lo_06,lo_06_2001,,
lo_06,Havel,2002,13254,1806626,4109427,2558,19678,1898,21576,24134,37388,lo_06,lo_06_2002,,
lo_06,Havel,2003,17704,2369340,5601821,2665,23127,2314,25441,28106,45810,lo_06,lo_06_2003,,
lo_06,Havel,2004,16122,2606951,5592632,2191,17633,1911,19544,21735,37857,lo_06,lo_06_2004,,
lo_06,Havel,2005,17170,2904923,5840723,2149,15914,1894,17808,19957,37127,lo_06,lo_06_2005,,
lo_06,Havel,2006,16888,2581545,5500324,1904,20000,1811,21811,23715,40603,lo_06,lo_06_2006,,
lo_06,Havel,2007,15617,2435645,5160117,1843,21151,1741,22892,24735,40352,lo_06,lo_06_2007,,
lo_06,Havel,2008,16253,2618702,5566294,1667,21723,1909,23632,25299,41552,lo_06,lo_06_2008,,
lo_06,Havel,2009,11657,1863726,4252278,1710,22795,1672,24467,26177,37834,lo_06,lo_06_2009,,
lo_06,Havel,2010,11488,1887215,4318479,1585,21134,1810,22944,24529,36017,lo_06,lo_06_2010,,
lo_06,Havel,2011,13421,2381585,5433924,1687,22333,2237,24570,26257,39678,lo_06,lo_06_2011,,
lo_06,Havel,2012,9954,1778790,4146956,1771,21975,2070,24045,25816,35770,lo_06,lo_06_2012,,
lo_06,Havel,2013,11308,2018381,4722009,1762,20725,1869,22594,24356,35664,lo_06,lo_06_2013,,
lo_06,Havel,2014,12383,2255853,5412537,1805,22208,2232,24440,26245,38628,lo_06,lo_06_2014,,
lo_06,Havel,2015,12383,2255853,5412537,1805,22208,2232,24440,26245,38628,lo_06,lo_06_2015,,
Calbe,Saale,1994,673,38866,158004,7,354,273,627,634,1307,lo_07,lo_07_1994,,
Calbe,Saale,1995,673,38866,158004,7,354,273,627,634,1307,lo_07,lo_07_1995,,
Calbe,Saale,1996,275,34487,115627,6,431,291,722,728,1003,lo_07,lo_07_1996,,
Calbe,Saale,1997,411,52819,161584,12,520,366,886,898,1309,lo_07,lo_07_1997,,
Calbe,Saale,1998,197,34948,108076,15,519,269,788,803,1000,lo_07,lo_07_1998,,
Calbe,Saale,1999,172,32184,90611,13,654,295,949,962,1134,lo_07,lo_07_1999,,
Calbe,Saale,2000,212,36411,98198,8,818,651,1469,1477,1689,lo_07,lo_07_2000,,
Calbe,Saale,2001,91,20110,67546,5,861,449,1310,1315,1406,lo_07,lo_07_2001,,
Calbe,Saale,2002,112,18233,50071,18,859,428,1287,1305,1417,lo_07,lo_07_2002,,
Calbe,Saale,2003,49,8413,25088,8,844,450,1294,1302,1351,lo_07,lo_07_2003,,
Calbe,Saale,2004,108,11195,44983,8,859,553,1412,1420,1528,lo_07,lo_07_2004,,
Calbe,Saale,2005,98,13985,42948,11,891,641,1532,1543,1641,lo_07,lo_07_2005,,
Calbe,Saale,2006,9,0,92,6,980,394,1374,1380,1389,lo_07,lo_07_2006,,
Calbe,Saale,2007,36,1281,7558,6,764,785,1549,1555,1591,lo_07,lo_07_2007,,
Calbe,Saale,2008,68,1380,23982,9,785,1175,1960,1969,2037,lo_07,lo_07_2008,,
Calbe,Saale,2009,33,6406,20880,9,848,447,1295,1304,1337,lo_07,lo_07_2009,,
Calbe,Saale,2010,18,1418,5197,13,615,389,1004,1017,1035,lo_07,lo_07_2010,,
Calbe,Saale,2011,20,260,8109,9,746,331,1077,1086,1106,lo_07,lo_07_2011,,
Calbe,Saale,2012,10,0,184,11,724,395,1119,1130,1140,lo_07,lo_07_2012,,
Calbe,Saale,2013,10,370,9078,12,559,450,1009,1021,1031,lo_07,lo_07_2013,,
Calbe,Saale,2014,1,0,0,6,765,272,1037,1043,1044,lo_07,lo_07_2014,,
Calbe,Saale,2015,1,0,0,6,765,272,1037,1043,1044,lo_07,lo_07_2015,,
Charlottenburg,Spree,1994,24931,4168212,8640903,2415,10167,1257,11424,13839,38770,lo_08,lo_08_1994,,
Charlottenburg,Spree,1995,24931,4168212,8640903,2415,10167,1257,11424,13839,38770,lo_08,lo_08_1995,,
Charlottenburg,Spree,1996,26254,4030514,8813970,2149,8839,1313,10152,12301,38555,lo_08,lo_08_1996,,
Charlottenburg,Spree,1997,25468,3451191,8189666,2069,8744,1217,9961,12030,37498,lo_08,lo_08_1997,,
Charlottenburg,Spree,1998,19624,2491388,5818814,2115,9642,1108,10750,12865,32489,lo_08,lo_08_1998,,
Charlottenburg,Spree,1999,20873,2424153,5860789,2078,10918,1429,12347,14425,35298,lo_08,lo_08_1999,,
Charlottenburg,Spree,2000,17003,1865061,4431821,2037,10176,1507,11683,13720,30723,lo_08,lo_08_2000,,
Charlottenburg,Spree,2001,19949,2294801,5030534,1880,10678,1386,12064,13944,33893,lo_08,lo_08_2001,,
Charlottenburg,Spree,2002,12235,1517823,3507243,2065,12386,1680,14066,16131,28366,lo_08,lo_08_2002,,
Charlottenburg,Spree,2003,8087,1101844,2708411,1372,8096,1412,9508,10880,18967,lo_08,lo_08_2003,,
Charlottenburg,Spree,2004,6843,1147250,2575223,1175,5958,924,6882,8057,14900,lo_08,lo_08_2004,,
Charlottenburg,Spree,2005,4999,881130,1863903,1044,2696,918,3614,4658,9657,lo_08,lo_08_2005,,
Charlottenburg,Spree,2006,5412,756654,1719815,1066,7262,981,8243,9309,14721,lo_08,lo_08_2006,,
Charlottenburg,Spree,2007,6474,882393,1971635,957,8902,936,9838,10795,17269,lo_08,lo_08_2007,,
Charlottenburg,Spree,2008,4742,730770,1663822,881,9530,823,10353,11234,15976,lo_08,lo_08_2008,,
Charlottenburg,Spree,2009,3161,455953,1128007,869,9765,936,10701,11570,14731,lo_08,lo_08_2009,,
Charlottenburg,Spree,2010,4081,667250,1652663,840,8970,1045,10015,10855,14936,lo_08,lo_08_2010,,
Charlottenburg,Spree,2011,4451,787921,1914875,929,9363,1267,10630,11559,16010,lo_08,lo_08_2011,,
Charlottenburg,Spree,2012,5207,924074,2192129,977,7912,1360,9272,10249,15456,lo_08,lo_08_2012,,
Charlottenburg,Spree,2013,5177,901889,2229644,1018,6943,1075,8018,9036,14213,lo_08,lo_08_2013,,
Charlottenburg,Spree,2014,5590,1093111,2692114,988,7451,995,8446,9434,15024,lo_08,lo_08_2014,,
Charlottenburg,Spree,2015,5590,1093111,2692114,988,7451,995,8446,9434,15024,lo_08,lo_08_2015,,
Domfelsen,Elbe,1994,5110,1082770,3140990,1060,7130,1043,8172,9233,14343,lo_09,lo_09_1994,,
Domfelsen,Elbe,1995,5110,1082770,3140990,1060,7130,1043,8172,9233,14343,lo_09,lo_09_1995,,
Domfelsen,Elbe,1996,5110,1082770,3140990,1060,7130,1043,8172,9233,14343,lo_09,lo_09_1996,,
Domfelsen,Elbe,1997,7438,1549640,4312980,880,12145,1200,13345,14225,21663,lo_09,lo_09_1997,,
Domfelsen,Elbe,1998,8573,1733508,4606267,782,11748,1513,13261,14043,22616,lo_09,lo_09_1998,,
Domfelsen,Elbe,1999,8665,1701205,4760188,1113,13924,1508,15432,16545,25210,lo_09,lo_09_1999,,
Domfelsen,Elbe,2000,6937,1334713,3848019,938,13440,1298,14738,15676,22613,lo_09,lo_09_2000,,898
Domfelsen,Elbe,2001,5559,1292842,3459643,724,10527,1710,12237,12961,18520,lo_09,lo_09_2001,,937
Domfelsen,Elbe,2002,5401,1456765,3615425,711,6677,1223,7900,8611,14012,lo_09,lo_09_2002,,1043
Domfelsen,Elbe,2003,4396,1019156,2890235,717,8304,772,9076,9793,14189,lo_09,lo_09_2003,,844
Domfelsen,Elbe,2004,4429,843727,2610168,513,7030,1097,8127,8640,13069,lo_09,lo_09_2004,,751
Domfelsen,Elbe,2005,5267,1342881,3366819,906,6336,1012,7348,8254,13521,lo_09,lo_09_2005,,
Domfelsen,Elbe,2006,4461,986141,2717695,608,5036,1348,6384,6992,11453,lo_09,lo_09_2006,,
Domfelsen,Elbe,2007,4368,860604,2540419,1212,6621,1045,7666,8878,13246,lo_09,lo_09_2007,,
Domfelsen,Elbe,2008,3896,670297,2236875,1320,4873,880,5753,7073,10969,lo_09,lo_09_2008,,
Domfelsen,Elbe,2009,4657,944434,3075118,1347,5327,790,6117,7464,12121,lo_09,lo_09_2009,,
Domfelsen,Elbe,2010,4547,1163132,3234393,1399,3913,807,4720,6119,10666,lo_09,lo_09_2010,,
Domfelsen,Elbe,2011,4041,809683,2647946,1386,3797,676,4473,5859,9900,lo_09,lo_09_2011,,
Domfelsen,Elbe,2012,3535,716400,2467402,1395,2871,493,3364,4759,8294,lo_09,lo_09_2012,,
Domfelsen,Elbe,2013,3233,693210,2400015,1527,2673,857,3530,5057,8290,lo_09,lo_09_2013,,
Domfelsen,Elbe,2014,2566,371516,1748217,1610,3089,544,3633,5243,7809,lo_09,lo_09_2014,,
Domfelsen,Elbe,2015,2566,371516,1748217,1610,3089,544,3633,5243,7809,lo_09,lo_09_2015,,
lo_10,Elbe,1994,4437,1043904,2982986,1053,6776,770,7545,8599,13036,lo_10,lo_10_1994,,
lo_10,Elbe,1995,4437,1043904,2982986,1053,6776,770,7545,8599,13036,lo_10,lo_10_1995,,
lo_10,Elbe,1996,4835,1048283,3025363,1054,6699,752,7450,8505,13340,lo_10,lo_10_1996,,
lo_10,Elbe,1997,7027,1496821,4151396,868,11625,834,12459,13327,20354,lo_10,lo_10_1997,,
lo_10,Elbe,1998,8376,1698560,4498191,767,11229,1244,12473,13240,21616,lo_10,lo_10_1998,,
lo_10,Elbe,1999,8493,1669021,4669577,1100,13270,1213,14483,15583,24076,lo_10,lo_10_1999,,1251
lo_10,Elbe,2000,6725,1298302,3749821,930,12622,647,13269,14199,20924,lo_10,lo_10_2000,,814
lo_10,Elbe,2001,5468,1272732,3392097,719,9666,1261,10927,11646,17114,lo_10,lo_10_2001,,888
lo_10,Elbe,2002,5289,1438532,3565354,693,5818,795,6613,7306,12595,lo_10,lo_10_2002,,1003
lo_10,Elbe,2003,4347,1010743,2865147,709,7460,322,7782,8491,12838,lo_10,lo_10_2003,,825
lo_10,Elbe,2004,4321,832532,2565185,505,6171,544,6715,7220,11541,lo_10,lo_10_2004,,709
lo_10,Elbe,2005,5169,1328896,3323871,895,5445,371,5816,6711,11880,lo_10,lo_10_2005,,819
lo_10,Elbe,2006,4452,986141,2717603,602,4056,954,5010,5612,10064,lo_10,lo_10_2006,,720
lo_10,Elbe,2007,4332,859323,2532861,1206,5857,260,6117,7323,11655,lo_10,lo_10_2007,,634
lo_10,Elbe,2008,3828,668917,2212893,1311,4088,302,4390,5701,9529,lo_10,lo_10_2008,,
lo_10,Elbe,2009,4624,938028,3054238,1338,4479,343,4822,6160,10784,lo_10,lo_10_2009,,
lo_10,Elbe,2010,4529,1161714,3229196,1386,3298,418,3716,5102,9631,lo_10,lo_10_2010,,
lo_10,Elbe,2011,4021,809423,2639837,1377,3051,345,3396,4773,8794,lo_10,lo_10_2011,,
lo_10,Elbe,2012,3525,716400,2467218,1384,2147,98,2245,3629,7154,lo_10,lo_10_2012,,
lo_10,Elbe,2013,3223,692840,2390937,1515,2114,407,2521,4036,7259,lo_10,lo_10_2013,,
lo_10,Elbe,2014,2565,371516,1748217,1604,2324,272,2596,4200,6765,lo_10,lo_10_2014,,
lo_10,Elbe,2015,2565,371516,1748217,1604,2324,272,2596,4200,6765,lo_10,lo_10_2015,,
lo_11,Elbe,1994,24076,7290348,15504770,1355,12889,1922,14810,16166,40242,lo_11,lo_11_1994,,
lo_11,Elbe,1995,24076,7290348,15504770,1355,12889,1922,14810,16166,40242,lo_11,lo_11_1995,,
lo_11,Elbe,1996,21589,6464299,14762375,1365,12475,1723,14197,15563,37152,lo_11,lo_11_1996,,
lo_11,Elbe,1997,26381,7410072,17305524,1208,17948,1894,19842,21050,47431,lo_11,lo_11_1997,,6307
lo_11,Elbe,1998,26127,6830668,15146637,1165,17550,2156,19706,20871,46998,lo_11,lo_11_1998,,6175
lo_11,Elbe,1999,30533,8191790,17930779,1466,18237,2631,20868,22334,52867,lo_11,lo_11_1999,,4751
lo_11,Elbe,2000,31061,8525596,18610067,1422,19429,2999,22428,23850,54911,lo_11,lo_11_2000,,5498
lo_11,Elbe,2001,30031,7990436,16720390,1167,16301,3638,19939,21106,51137,lo_11,lo_11_2001,,6134
lo_11,Elbe,2002,31166,9332610,18370709,1185,11939,3269,15208,16393,47559,lo_11,lo_11_2002,,6153
lo_11,Elbe,2003,24859,6425454,15293558,1384,14061,2761,16822,18206,43065,lo_11,lo_11_2003,,5357
lo_11,Elbe,2004,16900,3973003,9721422,2696,10063,2786,12849,15545,32445,lo_11,lo_11_2004,,3701
lo_11,Elbe,2005,17681,4851999,10872570,2576,8804,2624,11428,14004,31685,lo_11,lo_11_2005,,
lo_11,Elbe,2006,15330,4219991,9621347,2122,7660,2947,10607,12729,28059,lo_11,lo_11_2006,,
lo_11,Elbe,2007,15572,4352561,10126755,2519,8294,2078,10372,12891,28463,lo_11,lo_11_2007,,3464
lo_11,Elbe,2008,15650,4196752,10233773,2509,7080,1815,8895,11404,27054,lo_11,lo_11_2008,,3663
lo_11,Elbe,2009,13922,3778610,10192873,2407,7620,1773,9393,11800,25722,lo_11,lo_11_2009,,3115
lo_11,Elbe,2010,14585,4474045,10621463,2271,5796,2256,8052,10323,24908,lo_11,lo_11_2010,,
lo_11,Elbe,2011,17012,4536527,11164582,2257,5794,2080,7874,10131,27143,lo_11,lo_11_2011,,
lo_11,Elbe,2012,12576,3703104,9641644,2203,5003,1755,6758,8961,21537,lo_11,lo_11_2012,,
lo_11,Elbe,2013,11683,4078886,9926130,2209,4157,2066,6223,8432,20115,lo_11,lo_11_2013,,
lo_11,Elbe,2014,12706,4207230,10582656,2210,4813,1757,6570,8780,21486,lo_11,lo_11_2014,,
lo_11,Elbe,2015,12706,4207230,10582656,2210,4813,1757,6570,8780,21486,lo_11,lo_11_2015,,
Driel,Lek,1994,7387,3972215,5672667,,,,,,7439,lo_12,lo_12_1994,,
Driel,Lek,1995,7387,3972215,5672667,,,,,,7439,lo_12,lo_12_1995,,
Driel,Lek,1996,7387,3972215,5672667,,,,,,7439,lo_12,lo_12_1996,,
Driel,Lek,1997,7387,3972215,5672667,,,,,,7439,lo_12,lo_12_1997,,
Driel,Lek,1998,7387,3972215,5672667,,,,,,7439,lo_12,lo_12_1998,,
Driel,Lek,1999,7387,3972215,5672667,,,,,,7439,lo_12,lo_12_1999,,
Driel,Lek,2000,7387,3972215,5672667,,,,,,7439,lo_12,lo_12_2000,,
Driel,Lek,2001,7387,3972215,5672667,,,,,,7439,lo_12,lo_12_2001,,
Driel,Lek,2002,7387,3972215,5672667,,,,,,7439,lo_12,lo_12_2002,,
Driel,Lek,2003,7387,3972215,5672667,,,,,,7439,lo_12,lo_12_2003,,
Driel,Lek,2004,8425,4942291,6158074,,,,,,8425,lo_12,lo_12_2004,,
Driel,Lek,2005,8208,4082690,5436019,,,,,,8208,lo_12,lo_12_2005,,
Driel,Lek,2006,9022,4152459,5509983,,,,,,9022,lo_12,lo_12_2006,,
Driel,Lek,2007,6706,3728305,4784017,,,,,,6706,lo_12,lo_12_2007,,
Driel,Lek,2008,7831,4359933,5813398,,,,,,7831,lo_12,lo_12_2008,,
Driel,Lek,2009,8141,3797632,5861762,,,,,,8141,lo_12,lo_12_2009,,
Driel,Lek,2010,7535,3941184,5738341,,,,,,7535,lo_12,lo_12_2010,,
Driel,Lek,2011,7622,3864824,6687695,,,,,,7622,lo_12,lo_12_2011,,
Driel,Lek,2012,7166,4092858,6102281,,,,,,7166,lo_12,lo_12_2012,,
Driel,Lek,2013,4900,2906030,4413707,,,,,,4900,lo_12,lo_12_2013,,
Driel,Lek,2014,6278,3826158,5894058,,,,,,6278,lo_12,lo_12_2014,,
Driel,Lek,2015,6278,3826158,5894058,,,,,,6278,lo_12,lo_12_2015,,
lo_88,Spree,1994,0,0,0,,,,,,,lo_88,lo_13_1994,,
lo_88,Spree,1995,0,0,0,,,,,,,lo_88,lo_13_1995,,
lo_88,Spree,1996,0,0,0,,,,,,,lo_88,lo_13_1996,,
lo_88,Spree,1997,0,0,0,,,,,,,lo_88,lo_13_1997,,
lo_88,Spree,1998,0,0,0,,,,,,,lo_88,lo_13_1998,,
lo_88,Spree,1999,0,0,0,,,,,,,lo_88,lo_13_1999,,
lo_88,Spree,2000,0,0,0,,,,,,,lo_88,lo_13_2000,,
lo_88,Spree,2001,0,0,0,,,,,,,lo_88,lo_13_2001,,
lo_88,Spree,2002,0,0,0,,,,,,,lo_88,lo_13_2002,,
lo_88,Spree,2003,0,0,0,,,,,,,lo_88,lo_13_2003,,
lo_88,Spree,2004,0,0,0,,,,,,,lo_88,lo_13_2004,,
lo_88,Spree,2005,0,0,0,,,,,,,lo_88,lo_13_2005,,
lo_88,Spree,2006,0,0,0,,,,,,,lo_88,lo_13_2006,,
lo_88,Spree,2007,0,0,0,,,,,,,lo_88,lo_13_2007,,
lo_88,Spree,2008,0,0,0,,,,,,,lo_88,lo_13_2008,,
lo_88,Spree,2009,0,0,0,,,,,,,lo_88,lo_13_2009,,
lo_88,Spree,2010,0,0,0,,,,,,,lo_88,lo_13_2010,,
lo_88,Spree,2011,0,0,0,,,,,,,lo_88,lo_13_2011,,
lo_88,Spree,2012,0,0,0,,,,,,,lo_88,lo_13_2012,,
lo_88,Spree,2013,0,0,0,,,,,,,lo_88,lo_13_2013,,
lo_88,Spree,2014,0,0,0,,,,,,,lo_88,lo_13_2014,,
lo_88,Spree,2015,0,0,0,,,,,,,lo_88,lo_13_2015,,
Freudenau,Danube,1994,14983,9986502,16804264,4351,923,171,997,5348,20331,lo_14,lo_14_1994,,
Freudenau,Danube,1995,14983,9986502,16804264,4351,923,171,997,5348,20331,lo_14,lo_14_1995,,
Freudenau,Danube,1996,14983,9986502,16804264,4351,923,171,997,5348,20331,lo_14,lo_14_1996,,
Freudenau,Danube,1997,14983,9986502,16804264,4351,923,171,997,5348,20331,lo_14,lo_14_1997,,
Freudenau,Danube,1998,14983,10979904,16804264,4351,923,171,997,5348,20331,lo_14,lo_14_1998,,
Freudenau,Danube,1999,14983,9986502,16804264,4351,923,171,997,5348,20331,lo_14,lo_14_1999,,
Freudenau,Danube,2000,14983,10979904,16804264,4351,923,171,997,5348,20331,lo_14,lo_14_2000,,
Freudenau,Danube,2001,14983,11633673,16804264,4351,923,171,997,5348,20331,lo_14,lo_14_2001,,
Freudenau,Danube,2002,14983,12316450,16804264,4351,923,171,997,5348,20331,lo_14,lo_14_2002,,
Freudenau,Danube,2003,14983,10737354,16804264,4351,923,171,997,5348,20331,lo_14,lo_14_2003,,
Freudenau,Danube,2004,14983,9072006,16804264,4351,923,171,997,5348,20331,lo_14,lo_14_2004,,
Freudenau,Danube,2005,14983,9336126,16804264,4351,923,171,997,5348,20331,lo_14,lo_14_2005,,
Freudenau,Danube,2006,14983,10844164,17391602,4351,923,171,997,5348,20331,lo_14,lo_14_2006,,
Freudenau,Danube,2007,14983,12106540,18875427,4351,923,171,997,5348,20331,lo_14,lo_14_2007,,
Freudenau,Danube,2008,14983,11208711,18506789,4351,923,171,997,5348,20331,lo_14,lo_14_2008,,
Freudenau,Danube,2009,16502,9321810,15565770,4764,813,,813,5577,22079,lo_14,lo_14_2009,,
Freudenau,Danube,2010,17909,11052079,17177701,4677,616,,616,5293,23202,lo_14,lo_14_2010,,
Freudenau,Danube,2011,16942,9943288,16721126,4962,822,,822,5784,22726,lo_14,lo_14_2011,,
Freudenau,Danube,2012,13682,10714007,16202904,3703,1101,,1101,4804,18486,lo_14,lo_14_2012,,
Freudenau,Danube,2013,13702,10709847,16466329,3568,975,159,1134,4702,18404,lo_14,lo_14_2013,,
Freudenau,Danube,2014,14180,10121726,16583454,4304,933,173,1106,5410,19590,lo_14,lo_14_2014,,
Freudenau,Danube,2015,11965,8599355,14551540,4482,1203,182,1385,5867,17832,lo_14,lo_14_2015,,
Garz,Havel,1994,1154,428494,1093028,33,1617,215,1832,1865,3019,lo_15,lo_15_1994,,
Garz,Havel,1995,1154,428494,1093028,33,1617,215,1832,1865,3019,lo_15,lo_15_1995,,
Garz,Havel,1996,1513,461423,1477371,40,1630,209,1839,1879,3392,lo_15,lo_15_1996,,
Garz,Havel,1997,771,208633,772977,23,2022,222,2244,2267,3038,lo_15,lo_15_1997,,
Garz,Havel,1998,658,226924,532735,26,1772,208,1980,2006,2664,lo_15,lo_15_1998,,
Garz,Havel,1999,984,284753,693506,20,2040,261,2301,2321,3305,lo_15,lo_15_1999,,
Garz,Havel,2000,231,86542,204739,26,1952,238,2190,2216,2447,lo_15,lo_15_2000,,
Garz,Havel,2001,371,154982,305994,19,2499,234,2733,2752,3123,lo_15,lo_15_2001,,
Garz,Havel,2002,13,441,3257,14,1238,181,1419,1433,1446,lo_15,lo_15_2002,,
Garz,Havel,2003,24,639,1875,24,1817,206,2023,2047,2071,lo_15,lo_15_2003,,
Garz,Havel,2004,110,28089,63210,51,2565,198,2763,2814,2924,lo_15,lo_15_2004,,
Garz,Havel,2005,174,54760,109334,34,2669,187,2856,2890,3064,lo_15,lo_15_2005,,
Garz,Havel,2006,172,62437,114705,36,2331,228,2559,2595,2767,lo_15,lo_15_2006,,61
Garz,Havel,2007,122,35730,83946,134,2557,89,2646,2780,2902,lo_15,lo_15_2007,,54
Garz,Havel,2008,98,27068,53966,52,2226,246,2472,2524,2622,lo_15,lo_15_2008,,
Garz,Havel,2009,100,11907,26225,20,2804,324,3128,3148,3248,lo_15,lo_15_2009,,
Garz,Havel,2010,128,28245,103017,35,2363,68,2431,2466,2594,lo_15,lo_15_2010,,
Garz,Havel,2011,185,28093,145885,40,2429,127,2556,2596,2781,lo_15,lo_15_2011,,
Garz,Havel,2012,121,7990,134469,16,2712,218,2930,2946,3067,lo_15,lo_15_2012,,
Garz,Havel,2013,31,3475,16772,22,1661,143,1804,1826,1857,lo_15,lo_15_2013,,
Garz,Havel,2014,15,0,6681,49,2937,173,3110,3159,3174,lo_15,lo_15_2014,,
Garz,Havel,2015,15,0,6681,49,2937,173,3110,3159,3174,lo_15,lo_15_2015,,
Geesthacht,Elbe,1994,20576,9848808,24642353,287,7601,995,8596,8883,29459,lo_16,lo_16_1994,,
Geesthacht,Elbe,1995,20576,9848808,24642353,287,7601,995,8596,8883,29459,lo_16,lo_16_1995,,
Geesthacht,Elbe,1996,21054,8817279,26988631,245,7233,751,7984,8229,29283,lo_16,lo_16_1996,,
Geesthacht,Elbe,1997,21194,8451504,20522081,248,7285,830,8115,8363,29557,lo_16,lo_16_1997,,7348
Geesthacht,Elbe,1998,28681,9258260,18872932,274,6852,993,7845,8119,36800,lo_16,lo_16_1998,,7466
Geesthacht,Elbe,1999,28840,9162210,19310871,244,7562,1227,8789,9033,37873,lo_16,lo_16_1999,76,7679
Geesthacht,Elbe,2000,26258,8744723,17940646,277,6938,1110,8048,8325,34583,lo_16,lo_16_2000,75,6744
Geesthacht,Elbe,2001,27891,9539324,19836351,298,7477,1300,8777,9075,36966,lo_16,lo_16_2001,,
Geesthacht,Elbe,2002,25320,8971234,18562401,261,6766,953,7719,7980,33300,lo_16,lo_16_2002,,
Geesthacht,Elbe,2003,22892,8353126,17662452,263,6428,1246,7674,7937,30829,lo_16,lo_16_2003,73,5926
Geesthacht,Elbe,2004,23649,8414543,17759053,261,6198,1199,7397,7658,31307,lo_16,lo_16_2004,,
Geesthacht,Elbe,2005,26856,10084557,20341991,262,5782,1092,6874,7136,33992,lo_16,lo_16_2005,73,6348
Geesthacht,Elbe,2006,24124,8771441,18936293,253,5191,832,6023,6276,30400,lo_16,lo_16_2006,68,5504
Geesthacht,Elbe,2007,24369,8662881,19543641,288,5433,1195,6628,6916,31285,lo_16,lo_16_2007,,
Geesthacht,Elbe,2008,23275,8792804,19571744,294,5113,1088,6201,6495,29770,lo_16,lo_16_2008,,
Geesthacht,Elbe,2009,22314,9039443,19909189,256,5344,863,6207,6463,28777,lo_16,lo_16_2009,,
Geesthacht,Elbe,2010,22063,8962369,19416225,231,4778,845,5623,5854,27917,lo_16,lo_16_2010,,
Geesthacht,Elbe,2011,22341,8956350,19687298,231,4968,760,5728,5959,28300,lo_16,lo_16_2011,,
Geesthacht,Elbe,2012,18689,8606409,19844520,223,4997,854,5851,6074,24763,lo_16,lo_16_2012,,
Geesthacht,Elbe,2013,18550,9140489,21014615,226,4546,1171,5717,5943,24493,lo_16,lo_16_2013,,
Geesthacht,Elbe,2014,19806,10169411,22722818,278,5654,1226,6880,7158,26964,lo_16,lo_16_2014,,
Geesthacht,Elbe,2015,19806,10169411,22722818,278,5654,1226,6880,7158,26964,lo_16,lo_16_2015,,
Greifenstein,Danube,1994,13855,9986502,16804264,3779,1041,232,1140,4920,18774,lo_18,lo_18_1994,,
Greifenstein,Danube,1995,13855,9986502,16804264,3779,1041,232,1140,4920,18774,lo_18,lo_18_1995,,
Greifenstein,Danube,1996,13855,9986502,16804264,3779,1041,232,1140,4920,18774,lo_18,lo_18_1996,,
Greifenstein,Danube,1997,13855,9986502,16804264,3779,1041,232,1140,4920,18774,lo_18,lo_18_1997,,
Greifenstein,Danube,1998,13855,10979904,16804264,3779,1041,232,1140,4920,18774,lo_18,lo_18_1998,,
Greifenstein,Danube,1999,13855,9986502,16804264,3779,1041,232,1140,4920,18774,lo_18,lo_18_1999,,
Greifenstein,Danube,2000,13855,10979904,16804264,3779,1041,232,1140,4920,18774,lo_18,lo_18_2000,,
Greifenstein,Danube,2001,13855,11633673,16804264,3779,1041,232,1140,4920,18774,lo_18,lo_18_2001,,
Greifenstein,Danube,2002,13855,12316450,16804264,3779,1041,232,1140,4920,18774,lo_18,lo_18_2002,,
Greifenstein,Danube,2003,13855,10737354,16804264,3779,1041,232,1140,4920,18774,lo_18,lo_18_2003,,
Greifenstein,Danube,2004,13855,9072006,16804264,3779,1041,232,1140,4920,18774,lo_18,lo_18_2004,,
Greifenstein,Danube,2005,13855,9336126,16804264,3779,1041,232,1140,4920,18774,lo_18,lo_18_2005,,
Greifenstein,Danube,2006,13855,10844164,17391602,3779,1041,232,1140,4920,18774,lo_18,lo_18_2006,,
Greifenstein,Danube,2007,13855,12106540,18875427,3779,1041,232,1140,4920,18774,lo_18,lo_18_2007,,
Greifenstein,Danube,2008,13855,11208711,18506789,3779,1041,232,1140,4920,18774,lo_18,lo_18_2008,,
Greifenstein,Danube,2009,14393,9321810,15565770,3380,1093,,1093,4473,18866,lo_18,lo_18_2009,,
Greifenstein,Danube,2010,15362,11052079,17177701,3478,919,,919,4397,19759,lo_18,lo_18_2010,,
Greifenstein,Danube,2011,14354,9943288,16721126,3753,1194,,1194,4947,19301,lo_18,lo_18_2011,,
Greifenstein,Danube,2012,13063,10714007,16202904,3636,1086,,1086,4722,17785,lo_18,lo_18_2012,,
Greifenstein,Danube,2013,14017,10709847,16466329,3414,797,200,997,4411,18428,lo_18,lo_18_2013,,
Greifenstein,Danube,2014,14092,10121726,16583454,4305,956,243,1199,5504,19596,lo_18,lo_18_2014,,
Greifenstein,Danube,2015,11701,8599355,14551540,4490,1239,254,1493,5983,17684,lo_18,lo_18_2015,,
Grütz,Havel,1994,1186,429648,1100082,29,1577,195,1772,1801,2987,lo_19,lo_19_1994,,
Grütz,Havel,1995,1186,429648,1100082,29,1577,195,1772,1801,2987,lo_19,lo_19_1995,,
Grütz,Havel,1996,1644,509478,1459753,34,1423,158,1581,1615,3259,lo_19,lo_19_1996,,
Grütz,Havel,1997,809,210677,807938,21,1659,184,1843,1864,2673,lo_19,lo_19_1997,,
Grütz,Havel,1998,755,246635,602144,24,1359,175,1534,1558,2313,lo_19,lo_19_1998,,
Grütz,Havel,1999,1049,303858,719370,24,1649,396,2045,2069,3118,lo_19,lo_19_1999,,
Grütz,Havel,2000,322,121151,270713,24,1745,465,2210,2234,2556,lo_19,lo_19_2000,,
Grütz,Havel,2001,407,156421,309590,20,2702,416,3118,3138,3545,lo_19,lo_19_2001,,
Grütz,Havel,2002,17,1547,5579,13,1251,188,1439,1452,1469,lo_19,lo_19_2002,,
Grütz,Havel,2003,18,825,2982,29,2460,207,2667,2696,2714,lo_19,lo_19_2003,,
Grütz,Havel,2004,107,26840,60728,51,2999,180,3179,3230,3337,lo_19,lo_19_2004,,
Grütz,Havel,2005,194,62982,133038,32,2929,228,3157,3189,3383,lo_19,lo_19_2005,,
Grütz,Havel,2006,197,61907,110145,36,2634,284,2918,2954,3151,lo_19,lo_19_2006,,
Grütz,Havel,2007,122,35210,84370,54,2739,244,2983,3037,3159,lo_19,lo_19_2007,,
Grütz,Havel,2008,101,27335,53101,53,2664,287,2951,3004,3105,lo_19,lo_19_2008,,
Grütz,Havel,2009,127,19980,42832,24,3230,269,3499,3523,3650,lo_19,lo_19_2009,,
Grütz,Havel,2010,208,34142,145302,37,2764,242,3006,3043,3251,lo_19,lo_19_2010,,
Grütz,Havel,2011,183,31138,149151,39,2816,164,2980,3019,3202,lo_19,lo_19_2011,,
Grütz,Havel,2012,135,9555,153229,17,3250,239,3489,3506,3641,lo_19,lo_19_2012,,
Grütz,Havel,2013,32,3475,17681,23,2057,266,2323,2346,2378,lo_19,lo_19_2013,,
Grütz,Havel,2014,14,0,6969,46,3433,259,3692,3738,3752,lo_19,lo_19_2014,,
Grütz,Havel,2015,14,0,6969,46,3433,259,3692,3738,3752,lo_19,lo_19_2015,,
Havelberg,Havel,1994,1418,524700,1346015,51,1823,348,2171,2222,3640,lo_20,lo_20_1994,,
Havelberg,Havel,1995,1418,524700,1346015,51,1823,348,2171,2222,3640,lo_20,lo_20_1995,,
Havelberg,Havel,1996,1648,512100,1486007,80,2001,374,2375,2455,4103,lo_20,lo_20_1996,,
Havelberg,Havel,1997,809,217257,821480,63,2065,372,2437,2500,3309,lo_20,lo_20_1997,,
Havelberg,Havel,1998,961,242681,567471,82,1801,429,2230,2312,3273,lo_20,lo_20_1998,,
Havelberg,Havel,1999,1349,305137,759161,117,2272,287,2559,2676,4025,lo_20,lo_20_1999,,
Havelberg,Havel,2000,448,115544,259834,82,2097,325,2422,2504,2952,lo_20,lo_20_2000,,
Havelberg,Havel,2001,543,156711,312413,71,2562,267,2829,2900,3443,lo_20,lo_20_2001,,
Havelberg,Havel,2002,0,0,0,0,0,0,0,0,0,lo_20,lo_20_2002,,0
Havelberg,Havel,2003,5,0,525,25,814,62,876,901,906,lo_20,lo_20_2003,,
Havelberg,Havel,2004,83,17140,46394,46,1379,175,1554,1600,1683,lo_20,lo_20_2004,,
Havelberg,Havel,2005,307,59900,188745,78,2845,126,2971,3049,3356,lo_20,lo_20_2005,,
Havelberg,Havel,2006,236,61301,155433,51,2671,148,2819,2870,3106,lo_20,lo_20_2006,58,74
Havelberg,Havel,2007,192,35460,128523,87,2729,142,2871,2958,3150,lo_20,lo_20_2007,,
Havelberg,Havel,2008,125,27130,73141,92,2086,155,2241,2333,2458,lo_20,lo_20_2008,,
Havelberg,Havel,2009,219,30195,151499,71,2915,125,3040,3111,3330,lo_20,lo_20_2009,,
Havelberg,Havel,2010,229,41423,174461,78,2412,150,2562,2640,2869,lo_20,lo_20_2010,,
Havelberg,Havel,2011,229,39381,167339,75,2641,163,2804,2879,3108,lo_20,lo_20_2011,,
Havelberg,Havel,2012,137,10999,165236,69,2560,184,2744,2813,2950,lo_20,lo_20_2012,,
Havelberg,Havel,2013,23,3585,26144,65,1784,169,1953,2018,2041,lo_20,lo_20_2013,,
Havelberg,Havel,2014,23,0,7469,73,2573,221,2794,2867,2890,lo_20,lo_20_2014,,
Havelberg,Havel,2015,23,0,7469,73,2573,221,2794,2867,2890,lo_20,lo_20_2015,,
Hohensaaten Ost,Oder,1994,14944,2166499,5302120,49,576,1042,1618,1667,16611,lo_21,lo_21_1994,,
Hohensaaten Ost,Oder,1995,14944,2166499,5302120,49,576,1042,1618,1667,16611,lo_21,lo_21_1995,,
Hohensaaten Ost,Oder,1996,15367,2563239,5483731,25,660,747,1407,1432,16799,lo_21,lo_21_1996,,
Hohensaaten Ost,Oder,1997,11219,1903930,4011136,37,513,936,1449,1486,12705,lo_21,lo_21_1997,,
Hohensaaten Ost,Oder,1998,9350,1456886,3253599,74,544,788,1332,1406,10756,lo_21,lo_21_1998,,2964
Hohensaaten Ost,Oder,1999,9445,1309224,3342008,230,791,1049,1840,2070,11515,lo_21,lo_21_1999,76,3250
Hohensaaten Ost,Oder,2000,8570,1427018,2945879,1135,737,722,1459,2594,11164,lo_21,lo_21_2000,80,2308
Hohensaaten Ost,Oder,2001,11571,2304759,4122990,1393,883,829,1712,3105,14676,lo_21,lo_21_2001,83,2651
Hohensaaten Ost,Oder,2002,4962,939259,1782885,747,850,795,1645,2392,7354,lo_21,lo_21_2002,73,1179
Hohensaaten Ost,Oder,2003,4987,637249,1799893,728,612,680,1292,2020,7007,lo_21,lo_21_2003,68,1874
Hohensaaten Ost,Oder,2004,5880,709541,2030836,46,752,548,1300,1346,7226,lo_21,lo_21_2004,72,419
Hohensaaten Ost,Oder,2005,7636,891893,2650849,31,878,682,1560,1591,9227,lo_21,lo_21_2005,66,3151
Hohensaaten Ost,Oder,2006,5540,603838,1948175,18,483,447,930,948,6488,lo_21,lo_21_2006,71,2421
Hohensaaten Ost,Oder,2007,4597,369488,1620105,22,642,739,1381,1403,6000,lo_21,lo_21_2007,58,2301
Hohensaaten Ost,Oder,2008,4174,224162,1458388,42,675,851,1526,1568,5742,lo_21,lo_21_2008,54,2347
Hohensaaten Ost,Oder,2009,3273,173559,1170333,64,1028,637,1665,1729,5002,lo_21,lo_21_2009,,
Hohensaaten Ost,Oder,2010,3444,387164,1306382,73,841,684,1525,1598,5042,lo_21,lo_21_2010,,
Hohensaaten Ost,Oder,2011,2418,63693,912919,58,863,620,1483,1541,3959,lo_21,lo_21_2011,,
Hohensaaten Ost,Oder,2012,2234,184000,828355,79,1100,930,2030,2109,4343,lo_21,lo_21_2012,,
Hohensaaten Ost,Oder,2013,3099,174112,1171848,74,1085,863,1948,2022,5121,lo_21,lo_21_2013,,
Hohensaaten Ost,Oder,2014,2757,54078,1068144,58,1227,1015,2242,2300,5057,lo_21,lo_21_2014,,
Hohensaaten Ost,Oder,2015,2757,54078,1068144,58,1227,1015,2242,2300,5057,lo_21,lo_21_2015,,
lo_22,Oder,1994,10319,1601886,3587355,0,351,416,767,767,11086,lo_22,lo_22_1994,,
lo_22,Oder,1995,10319,1601886,3587355,0,351,416,767,767,11086,lo_22,lo_22_1995,,
lo_22,Oder,1996,10053,1847646,3530358,0,249,439,688,688,10741,lo_22,lo_22_1996,,
lo_22,Oder,1997,5932,1109429,1982852,0,250,550,800,800,6732,lo_22,lo_22_1997,,
lo_22,Oder,1998,4328,744837,1484652,0,78,176,254,254,4582,lo_22,lo_22_1998,,
lo_22,Oder,1999,5937,835351,2047075,46,192,645,837,883,6820,lo_22,lo_22_1999,,
lo_22,Oder,2000,5713,1018649,1975205,985,245,0,245,1230,6943,lo_22,lo_22_2000,,
lo_22,Oder,2001,7432,1641683,2740405,1205,350,133,483,1688,9120,lo_22,lo_22_2001,,
lo_22,Oder,2002,2140,447720,820944,562,203,387,590,1152,3292,lo_22,lo_22_2002,,
lo_22,Oder,2003,3427,388711,1295639,625,270,320,590,1215,4642,lo_22,lo_22_2003,,
lo_22,Oder,2004,4824,498772,1671544,0,140,0,140,140,4964,lo_22,lo_22_2004,,
lo_22,Oder,2005,7250,854950,2510808,0,354,314,668,668,7918,lo_22,lo_22_2005,,
lo_22,Oder,2006,5203,579331,1839695,0,0,192,192,192,5395,lo_22,lo_22_2006,,
lo_22,Oder,2007,3250,166401,1179340,0,65,296,361,361,3611,lo_22,lo_22_2007,58,1884
lo_22,Oder,2008,2553,44157,1002834,0,0,572,572,572,3125,lo_22,lo_22_2008,,
lo_22,Oder,2009,1981,82479,874033,51,235,375,610,661,2642,lo_22,lo_22_2009,63,1884
lo_22,Oder,2010,2974,347287,1163053,67,344,375,719,786,3760,lo_22,lo_22_2010,82,1884
lo_22,Oder,2011,1777,18076,735762,55,226,249,475,530,2307,lo_22,lo_22_2011,,
lo_22,Oder,2012,1783,147240,709239,68,278,684,962,1030,2813,lo_22,lo_22_2012,,
lo_22,Oder,2013,2737,154863,1087383,69,489,637,1126,1195,3932,lo_22,lo_22_2013,,
lo_22,Oder,2014,2322,39484,1002902,46,438,797,1235,1281,3603,lo_22,lo_22_2014,,
lo_22,Oder,2015,2322,39484,1002902,46,438,797,1235,1281,3603,lo_22,lo_22_2015,,
lo_23,Rhein,1994,41352,38881617,74360682,1454,,2526,2526,3980,45332,lo_23,lo_23_1994,,
lo_23,Rhein,1995,40732,38367453,73249296,1473,,2521,2521,3994,44726,lo_23,lo_23_1995,,
lo_23,Rhein,1996,41378,36541707,75836597,1463,,2516,2516,3979,45357,lo_23,lo_23_1996,,
lo_23,Rhein,1997,40648,36093766,76372126,1558,,2516,2516,4074,44722,lo_23,lo_23_1997,,
lo_23,Rhein,1998,40637,38544511,77401584,1559,,2506,2506,4065,44702,lo_23,lo_23_1998,,
lo_23,Rhein,1999,41383,37414383,71197957,1013,,1624,1624,2637,44020,lo_23,lo_23_1999,,
lo_23,Rhein,2000,44035,40406977,76966729,1236,,1687,1687,2923,46958,lo_23,lo_23_2000,,14455
lo_23,Rhein,2001,41709,38654366,74014093,1271,,1775,1775,3046,44755,lo_23,lo_23_2001,,
lo_23,Rhein,2002,40443,38037264,72697390,1320,,2022,2022,3342,43785,lo_23,lo_23_2002,,
lo_23,Rhein,2003,43001,33104229,76981823,1362,,1704,1704,3066,46067,lo_23,lo_23_2003,,
lo_23,Rhein,2004,40516,34873610,73737440,1468,,1983,1983,3451,43967,lo_23,lo_23_2004,,
lo_23,Rhein,2005,41729,34315213,77836802,1573,,1736,1736,3309,45038,lo_23,lo_23_2005,,
lo_23,Rhein,2006,38774,34024243,73871500,1622,,3633,3633,5255,44029,lo_23,lo_23_2006,,
lo_23,Rhein,2007,35981,34571718,70161439,1625,,3287,3287,4912,40893,lo_23,lo_23_2007,,
lo_23,Rhein,2008,35732,34852517,72500889,1620,,3211,3211,4831,40563,lo_23,lo_23_2008,,
lo_23,Rhein,2009,36765,32602627,77285438,1704,,3163,3163,4867,41632,lo_23,lo_23_2009,,
lo_23,Rhein,2010,35060,33239232,77766790,1723,,2867,2867,4590,39650,lo_23,lo_23_2010,,
lo_23,Rhein,2011,36249,30414482,78022934,1906,,2640,2640,4546,40795,lo_23,lo_23_2011,,
lo_23,Rhein,2012,34061,32926103,73679051,1977,,3361,3361,5338,39399,lo_23,lo_23_2012,,
lo_23,Rhein,2013,32772,32437505,70805869,2008,,3091,3091,5099,37871,lo_23,lo_23_2013,,
lo_23,Rhein,2014,32308,30897008,70125006,2300,,2815,2815,5115,37423,lo_23,lo_23_2014,,
lo_23,Rhein,2015,32308,30897008,70125006,2300,,2815,2815,5115,37423,lo_23,lo_23_2015,,
lo_24,Rhein,1994,69129,60496076,103893718,2104,,2626,2626,4730,73859,lo_24,lo_24_1994,,
lo_24,Rhein,1995,68081,60067177,102782332,2123,,2621,2621,4744,72825,lo_24,lo_24_1995,,
lo_24,Rhein,1996,70901,58598050,105369633,2113,,2616,2616,4729,75630,lo_24,lo_24_1996,,
lo_24,Rhein,1997,69025,57078296,105905162,2208,,2616,2616,4824,73849,lo_24,lo_24_1997,,
lo_24,Rhein,1998,68364,60545463,106934620,2209,,2606,2606,4815,73179,lo_24,lo_24_1998,,
lo_24,Rhein,1999,68415,60548103,100730993,1663,,1724,1724,3387,71802,lo_24,lo_24_1999,,
lo_24,Rhein,2000,71043,63939892,106499765,1904,,1802,1802,3706,74749,lo_24,lo_24_2000,,21685
lo_24,Rhein,2001,67748,60916347,102308360,2050,,1894,1894,3944,71692,lo_24,lo_24_2001,,
lo_24,Rhein,2002,64042,58865452,98959468,2029,,2128,2128,4157,68199,lo_24,lo_24_2002,,
lo_24,Rhein,2003,67015,50185504,103636620,2045,,1792,1794,3839,70854,lo_24,lo_24_2003,,
lo_24,Rhein,2004,63997,53670661,100774191,2304,,2082,2082,4386,68383,lo_24,lo_24_2004,,
lo_24,Rhein,2005,64836,52730747,105200500,2538,,1930,1955,4493,69329,lo_24,lo_24_2005,,
lo_24,Rhein,2006,60899,51846476,100034337,2574,,3822,3824,6398,67297,lo_24,lo_24_2006,,
lo_24,Rhein,2007,58106,52393951,96324276,2577,,3476,3478,6055,64161,lo_24,lo_24_2007,,
lo_24,Rhein,2008,57857,52674750,98663726,2572,,3400,3402,5974,63831,lo_24,lo_24_2008,,
lo_24,Rhein,2009,58890,50424860,103448275,2656,,3352,3354,6010,64900,lo_24,lo_24_2009,,
lo_24,Rhein,2010,57185,51061465,103929627,2675,,3056,3058,5733,62918,lo_24,lo_24_2010,,
lo_24,Rhein,2011,58374,48236715,104185771,2858,,2829,2831,5689,64063,lo_24,lo_24_2011,,
lo_24,Rhein,2012,56186,50748336,99841888,2929,,3550,3552,6481,62667,lo_24,lo_24_2012,,
lo_24,Rhein,2013,54897,50259738,96968706,2960,,3280,3282,6242,61139,lo_24,lo_24_2013,,
lo_24,Rhein,2014,54433,48719241,96287843,3252,,3004,3006,6258,60691,lo_24,lo_24_2014,,
lo_24,Rhein,2015,54433,48719241,96287843,3252,,3004,3006,6258,60691,lo_24,lo_24_2015,,
lo_25,Rhein,1994,85817,76056486,128490657,3846,,2631,2631,6477,92294,lo_25,lo_25_1994,,
lo_25,Rhein,1995,84144,75485357,127387408,3687,,2631,2631,6318,90462,lo_25,lo_25_1995,,
lo_25,Rhein,1996,86179,73315502,128986770,3176,,2626,2626,5802,91981,lo_25,lo_25_1996,,23142
lo_25,Rhein,1997,84492,72077408,129969755,3246,,2623,2623,5869,90361,lo_25,lo_25_1997,,23142
lo_25,Rhein,1998,83849,76087985,131952111,2991,,2613,2613,5604,89453,lo_25,lo_25_1998,,23142
lo_25,Rhein,1999,82285,75597329,123741000,3120,,2288,2288,5408,87693,lo_25,lo_25_1999,,
lo_25,Rhein,2000,84768,79945119,130238024,3675,,2561,2561,6236,91004,lo_25,lo_25_2000,,24056
lo_25,Rhein,2001,80891,76307495,125435612,3866,,2648,2648,6514,87405,lo_25,lo_25_2001,,24250
lo_25,Rhein,2002,75589,73057035,120640421,3720,,3120,3120,6840,82429,lo_25,lo_25_2002,,22388
lo_25,Rhein,2003,78676,63131268,126186968,3839,,2673,2675,6514,85190,lo_25,lo_25_2003,,
lo_25,Rhein,2004,76366,68645533,125326804,4018,,2900,2900,6918,83284,lo_25,lo_25_2004,,21483
lo_25,Rhein,2005,76306,66765285,128321762,4370,,2755,2780,7150,83456,lo_25,lo_25_2005,,
lo_25,Rhein,2006,73184,68016615,125677236,4238,,4892,4894,9132,82316,lo_25,lo_25_2006,,19690
lo_25,Rhein,2007,70391,68564090,121967175,4241,,4546,4548,8789,79180,lo_25,lo_25_2007,,
lo_25,Rhein,2008,70142,68844889,124306625,4236,,4470,4472,8708,78850,lo_25,lo_25_2008,,
lo_25,Rhein,2009,71175,66594999,129091174,4320,,4422,4424,8744,79919,lo_25,lo_25_2009,,
lo_25,Rhein,2010,69470,67231604,129572526,4339,,4126,4128,8467,77937,lo_25,lo_25_2010,,
lo_25,Rhein,2011,70659,64406854,129828670,4522,,3899,3901,8423,79082,lo_25,lo_25_2011,,
lo_25,Rhein,2012,68471,66918475,125484787,4593,,4620,4622,9215,77686,lo_25,lo_25_2012,,
lo_25,Rhein,2013,67182,66429877,122611605,4624,,4350,4352,8976,76158,lo_25,lo_25_2013,,
lo_25,Rhein,2014,66718,64889380,121930742,4916,,4074,4076,8992,75710,lo_25,lo_25_2014,,
lo_25,Rhein,2015,66718,64889380,121930742,4916,,4074,4076,8992,75710,lo_25,lo_25_2015,,
lo_26,Rhein,1994,104861,89911361,156374196,3846,,2631,2631,6477,111338,lo_26,lo_26_1994,,
lo_26,Rhein,1995,103188,89340232,155270947,3687,,2631,2631,6318,109506,lo_26,lo_26_1995,,
lo_26,Rhein,1996,105223,87170377,156870309,3176,,2626,2626,5802,111025,lo_26,lo_26_1996,,32352
lo_26,Rhein,1997,103536,85932283,157853294,3246,,2623,2623,5869,109405,lo_26,lo_26_1997,,32352
lo_26,Rhein,1998,102893,89942860,159835650,2991,,2613,2613,5604,108497,lo_26,lo_26_1998,,32352
lo_26,Rhein,1999,101329,89452204,151624539,3120,,2288,2288,5408,106737,lo_26,lo_26_1999,,
lo_26,Rhein,2000,107666,95125582,161539185,3675,,2561,2561,6236,113902,lo_26,lo_26_2000,,33266
lo_26,Rhein,2001,98663,88923538,150146843,3866,,2648,2648,6514,105177,lo_26,lo_26_2001,,
lo_26,Rhein,2002,92823,85531154,144921890,3720,,3120,3120,6840,99663,lo_26,lo_26_2002,,28784
lo_26,Rhein,2003,97205,75268762,151653804,3839,,2673,2675,6514,103719,lo_26,lo_26_2003,,
lo_26,Rhein,2004,97508,83118650,154085488,4018,,2900,2900,6918,104426,lo_26,lo_26_2004,,29638
lo_26,Rhein,2005,96966,80878741,154522947,4370,,2755,2780,7150,104116,lo_26,lo_26_2005,,
lo_26,Rhein,2006,92800,81501581,154220452,4238,,4892,4894,9132,101932,lo_26,lo_26_2006,,27498
lo_26,Rhein,2007,91075,83677995,152864253,4241,,4546,4548,8789,99864,lo_26,lo_26_2007,,
lo_26,Rhein,2008,90242,84896304,154946446,4236,,4470,4472,8708,98950,lo_26,lo_26_2008,,
lo_26,Rhein,2009,89016,79499482,155895618,4320,,4422,4424,8744,97760,lo_26,lo_26_2009,,
lo_26,Rhein,2010,88524,82208886,158926641,4339,,4126,4128,8467,96991,lo_26,lo_26_2010,,
lo_26,Rhein,2011,88879,78162309,158606333,4522,,3899,3901,8423,97302,lo_26,lo_26_2011,,
lo_26,Rhein,2012,85526,80694243,153164441,4593,,4620,4622,9215,94741,lo_26,lo_26_2012,,
lo_26,Rhein,2013,82986,79340155,149564587,4624,,4350,4352,8976,91962,lo_26,lo_26_2013,,
lo_26,Rhein,2014,86334,78374346,150473958,4916,,4074,4076,8992,95326,lo_26,lo_26_2014,,
lo_26,Rhein,2015,86334,78374346,150473958,4916,,4074,4076,8992,95326,lo_26,lo_26_2015,,
lo_27,Rhein,1994,126610,107285590,185624998,3846,,2631,2631,6477,133084,lo_27,lo_27_1994,,
lo_27,Rhein,1995,124937,106714461,184521749,3687,,2631,2631,6318,131252,lo_27,lo_27_1995,,
lo_27,Rhein,1996,126972,104544606,186121111,3176,,2626,2626,5802,132771,lo_27,lo_27_1996,,38747
lo_27,Rhein,1997,125285,103306512,187104096,3246,,2623,2623,5869,131152,lo_27,lo_27_1997,,38747
lo_27,Rhein,1998,124642,107317089,189086452,2991,,2613,2613,5604,130245,lo_27,lo_27_1998,,38747
lo_27,Rhein,1999,123078,106826433,180875341,3120,,2288,2288,5408,128486,lo_27,lo_27_1999,,38747
lo_27,Rhein,2000,132819,112858187,190512445,3675,,2561,2561,6236,139055,lo_27,lo_27_2000,,39661
lo_27,Rhein,2001,120655,105353243,175715657,3866,,2648,2648,6514,127169,lo_27,lo_27_2001,,
lo_27,Rhein,2002,112843,100541435,168654909,3720,,3120,3120,6840,119683,lo_27,lo_27_2002,,33509
lo_27,Rhein,2003,119784,91957982,179027893,3839,,2673,2675,6514,126298,lo_27,lo_27_2003,,35308
lo_27,Rhein,2004,120201,100827360,181313627,4018,,2900,2900,6918,127119,lo_27,lo_27_2004,,34739
lo_27,Rhein,2005,118271,97287452,181076248,4370,,2755,2780,7150,125421,lo_27,lo_27_2005,,34198
lo_27,Rhein,2006,115983,99948548,184021783,4238,,4892,4894,9132,125115,lo_27,lo_27_2006,,32854
lo_27,Rhein,2007,115599,103711984,185726772,4241,,4546,4548,8789,124388,lo_27,lo_27_2007,,
lo_27,Rhein,2008,112645,103423759,185533363,4236,,4470,4472,8708,121353,lo_27,lo_27_2008,,
lo_27,Rhein,2009,109132,95176889,184922888,4320,,4422,4424,8744,117876,lo_27,lo_27_2009,,
lo_27,Rhein,2010,109388,100323479,190690664,4339,,4126,4128,8467,117855,lo_27,lo_27_2010,,
lo_27,Rhein,2011,109274,95518610,190230795,4522,,3899,3901,8423,117697,lo_27,lo_27_2011,,
lo_27,Rhein,2012,104213,97208809,183244669,4593,,4620,4622,9215,113428,lo_27,lo_27_2012,,
lo_27,Rhein,2013,103560,97928849,183898449,4624,,4350,4352,8976,112536,lo_27,lo_27_2013,,
lo_27,Rhein,2014,109517,96821313,180275289,4916,,4074,4076,8992,118509,lo_27,lo_27_2014,,
lo_27,Rhein,2015,109517,96821313,180275289,4916,,4074,4076,8992,118509,lo_27,lo_27_2015,,
Jochenstein,Donau,1994,10208,6440148,13519461,3938,1741,273,2014,5951,16159,lo_28,lo_28_1994,,
Jochenstein,Donau,1995,10208,6440148,13519461,3938,1741,273,2014,5951,16159,lo_28,lo_28_1995,,
Jochenstein,Donau,1996,10208,6440148,13519461,3938,1741,273,2014,5951,16159,lo_28,lo_28_1996,,
Jochenstein,Donau,1997,10208,6440148,13519461,3938,1741,273,2014,5951,16159,lo_28,lo_28_1997,,
Jochenstein,Donau,1998,10208,6440148,13519461,3938,1741,273,2014,5951,16159,lo_28,lo_28_1998,,
Jochenstein,Donau,1999,10208,6440148,13519461,3938,1741,273,2014,5951,16159,lo_28,lo_28_1999,,
Jochenstein,Donau,2000,10208,6440148,13519461,3938,1741,273,2014,5951,16159,lo_28,lo_28_2000,,
Jochenstein,Donau,2001,10208,6440148,13519461,3938,1741,273,2014,5951,16159,lo_28,lo_28_2001,,
Jochenstein,Donau,2002,10208,6440148,13519461,3938,1741,273,2014,5951,16159,lo_28,lo_28_2002,,
Jochenstein,Donau,2003,10208,6440148,13519461,3938,1741,273,2014,5951,16159,lo_28,lo_28_2003,,
Jochenstein,Donau,2004,10208,6440148,13519461,3938,1741,273,2014,5951,16159,lo_28,lo_28_2004,,
Jochenstein,Donau,2005,11704,7410511,15080557,4407,1708,274,1982,6389,18093,lo_28,lo_28_2005,,
Jochenstein,Donau,2006,9602,5982547,12882546,3737,1760,249,2009,5746,15348,lo_28,lo_28_2006,,
Jochenstein,Donau,2007,9318,5927386,12595281,3669,1755,295,2050,5719,15037,lo_28,lo_28_2007,,
Jochenstein,Donau,2008,9318,5927386,12595281,3669,1755,295,2050,5719,15037,lo_28,lo_28_2008,,
Jochenstein,Donau,2009,9318,5927386,12595281,3669,1755,295,2050,5719,15037,lo_28,lo_28_2009,,
Jochenstein,Donau,2010,9318,5927386,12595281,3669,1755,295,2050,5719,15037,lo_28,lo_28_2010,,
Jochenstein,Donau,2011,9318,5927386,12595281,3669,1755,295,2050,5719,15037,lo_28,lo_28_2011,,
Jochenstein,Donau,2012,9318,5927386,12595281,3669,1755,295,2050,5719,15037,lo_28,lo_28_2012,,
Jochenstein,Donau,2013,9318,5927386,12595281,3669,1755,295,2050,5719,15037,lo_28,lo_28_2013,,
Jochenstein,Donau,2014,9318,5927386,12595281,3669,1755,295,2050,5719,15037,lo_28,lo_28_2014,,
Jochenstein,Donau,2015,9318,5927386,12595281,3669,1755,295,2050,5719,15037,lo_28,lo_28_2015,,
lo_29,Donau,1994,3980,686114,4917585,2319,,196,1937,4255,8235,lo_29,lo_29_1994,,
lo_29,Donau,1995,3980,686114,4917585,2319,,196,1937,4255,8235,lo_29,lo_29_1995,,
lo_29,Donau,1996,3980,686114,4917585,2319,,196,1937,4255,8235,lo_29,lo_29_1996,,
lo_29,Donau,1997,3980,686114,4917585,2319,,196,1937,4255,8235,lo_29,lo_29_1997,,
lo_29,Donau,1998,3980,686114,4917585,2319,,196,1937,4255,8235,lo_29,lo_29_1998,,
lo_29,Donau,1999,3980,686114,4917585,2319,,196,1937,4255,8235,lo_29,lo_29_1999,,
lo_29,Donau,2000,3980,686114,4917585,2319,,196,1937,4255,8235,lo_29,lo_29_2000,,
lo_29,Donau,2001,3980,686114,4917585,2319,,196,1937,4255,8235,lo_29,lo_29_2001,,
lo_29,Donau,2002,3980,686114,4917585,2319,,196,1937,4255,8235,lo_29,lo_29_2002,,
lo_29,Donau,2003,3980,686114,4917585,2319,,196,1937,4255,8235,lo_29,lo_29_2003,,
lo_29,Donau,2004,3980,686114,4917585,2319,,196,1937,4255,8235,lo_29,lo_29_2004,,
lo_29,Donau,2005,4568,943640,5271048,2771,,203,1911,4682,9250,lo_29,lo_29_2005,,
lo_29,Donau,2006,3815,702545,5003069,1991,,179,1939,3930,7745,lo_29,lo_29_2006,,
lo_29,Donau,2007,3557,412157,4478639,2195,,205,1960,4155,7712,lo_29,lo_29_2007,,
lo_29,Donau,2008,3557,412157,4478639,2195,,205,1960,4155,7712,lo_29,lo_29_2008,,
lo_29,Donau,2009,3557,412157,4478639,2195,,205,1960,4155,7712,lo_29,lo_29_2009,,
lo_29,Donau,2010,3557,412157,4478639,2195,,205,1960,4155,7712,lo_29,lo_29_2010,,
lo_29,Donau,2011,3557,412157,4478639,2195,,205,1960,4155,7712,lo_29,lo_29_2011,,
lo_29,Donau,2012,3557,412157,4478639,2195,,205,1960,4155,7712,lo_29,lo_29_2012,,
lo_29,Donau,2013,3557,412157,4478639,2195,,205,1960,4155,7712,lo_29,lo_29_2013,,
lo_29,Donau,2014,3557,412157,4478639,2195,,205,1960,4155,7712,lo_29,lo_29_2014,,
lo_29,Donau,2015,3557,412157,4478639,2195,,205,1960,4155,7712,lo_29,lo_29_2015,,
Linne,Maas,1994,0,0,0,,,,,,0,lo_30,lo_30_1994,,
Linne,Maas,1995,0,0,0,,,,,,0,lo_30,lo_30_1995,,
Linne,Maas,1996,0,0,0,,,,,,0,lo_30,lo_30_1996,,
Linne,Maas,1997,0,0,0,,,,,,0,lo_30,lo_30_1997,,
Linne,Maas,1998,0,0,0,,,,,,0,lo_30,lo_30_1998,,
Linne,Maas,1999,0,0,0,,,,,,0,lo_30,lo_30_1999,,
Linne,Maas,2000,0,0,0,,,,,,0,lo_30,lo_30_2000,,
Linne,Maas,2001,0,0,0,,,,,,0,lo_30,lo_30_2001,,
Linne,Maas,2002,0,0,0,,,,,,0,lo_30,lo_30_2002,,
Linne,Maas,2003,0,0,0,,,,,,0,lo_30,lo_30_2003,,
Linne,Maas,2004,0,0,0,,,,,,0,lo_30,lo_30_2004,,
Linne,Maas,2005,0,0,0,,,,,,0,lo_30,lo_30_2005,,
Linne,Maas,2006,0,0,0,,,,,,0,lo_30,lo_30_2006,,
Linne,Maas,2007,0,0,0,,,,,,0,lo_30,lo_30_2007,,
Linne,Maas,2008,0,0,0,,,,,,0,lo_30,lo_30_2008,,
Linne,Maas,2009,0,0,0,,,,,,0,lo_30,lo_30_2009,,
Linne,Maas,2010,0,0,0,,,,,,0,lo_30,lo_30_2010,,
Linne,Maas,2011,0,0,0,,,,,,0,lo_30,lo_30_2011,,
Linne,Maas,2012,0,0,0,,,,,,0,lo_30,lo_30_2012,,
Linne,Maas,2013,0,0,0,,,,,,0,lo_30,lo_30_2013,,
Linne,Maas,2014,0,0,0,,,,,,0,lo_30,lo_30_2014,,
Linne,Maas,2015,0,0,0,,,,,,0,lo_30,lo_30_2015,,
Lith,Maas,1994,11243,6243760,7776207,,,,,,9324,lo_31,lo_31_1994,,
Lith,Maas,1995,11243,6243760,7776207,,,,,,9324,lo_31,lo_31_1995,,
Lith,Maas,1996,11243,6243760,7776207,,,,,,9324,lo_31,lo_31_1996,,
Lith,Maas,1997,11243,6243760,7776207,,,,,,9324,lo_31,lo_31_1997,,
Lith,Maas,1998,11243,6243760,7776207,,,,,,9324,lo_31,lo_31_1998,,
Lith,Maas,1999,11243,6243760,7776207,,,,,,9324,lo_31,lo_31_1999,,
Lith,Maas,2000,11243,6243760,7776207,,,,,,9324,lo_31,lo_31_2000,,
Lith,Maas,2001,11243,6243760,7776207,,,,,,9324,lo_31,lo_31_2001,,
Lith,Maas,2002,11243,6243760,7776207,,,,,,9324,lo_31,lo_31_2002,,
Lith,Maas,2003,11243,6243760,7776207,,,,,,9324,lo_31,lo_31_2003,,
Lith,Maas,2004,9324,4681303,5814216,,,,,,9324,lo_31,lo_31_2004,,
Lith,Maas,2005,9901,5580886,6802167,,,,,,9901,lo_31,lo_31_2005,,
Lith,Maas,2006,11437,7466510,8935350,,,,,,11437,lo_31,lo_31_2006,,
Lith,Maas,2007,13527,8032287,9759566,,,,,,13527,lo_31,lo_31_2007,,
Lith,Maas,2008,10968,5415780,6604759,,,,,,10968,lo_31,lo_31_2008,,
Lith,Maas,2009,10879,7476352,9013443,,,,,,10879,lo_31,lo_31_2009,,
Lith,Maas,2010,11369,6132329,7597751,,,,,,11369,lo_31,lo_31_2010,,
Lith,Maas,2011,13507,8154107,10458494,,,,,,13507,lo_31,lo_31_2011,,
Lith,Maas,2012,12127,6540966,8267962,,,,,,12127,lo_31,lo_31_2012,,
Lith,Maas,2013,10156,4270433,5670409,,,,,,10156,lo_31,lo_31_2013,,
Lith,Maas,2014,10476,4930402,6614162,,,,,,10476,lo_31,lo_31_2014,,
Lith,Maas,2015,10476,4930402,6614162,,,,,,10476,lo_31,lo_31_2015,,
Mühlendamm,Spree,1994,17480,2816854,5318297,7707,6677,1454,8131,15838,33318,lo_32,lo_32_1994,,
Mühlendamm,Spree,1995,17480,2816854,5318297,7707,6677,1454,8131,15838,33318,lo_32,lo_32_1995,,
Mühlendamm,Spree,1996,18488,2861380,5975116,7460,4525,1385,5910,13370,31858,lo_32,lo_32_1996,,
Mühlendamm,Spree,1997,22039,3168754,7039791,8390,5743,1350,7093,15483,37522,lo_32,lo_32_1997,,
Mühlendamm,Spree,1998,13773,2102560,4693858,8758,6371,1490,7861,16619,30392,lo_32,lo_32_1998,,
Mühlendamm,Spree,1999,11621,1638097,3736885,10073,7830,1702,9532,19605,31226,lo_32,lo_32_1999,,
Mühlendamm,Spree,2000,9839,1367651,2986133,11401,7772,1882,9654,21055,30894,lo_32,lo_32_2000,,
Mühlendamm,Spree,2001,9202,1282628,2711813,11634,8565,1713,10278,21912,31114,lo_32,lo_32_2001,,
Mühlendamm,Spree,2002,7015,931599,2018865,11530,9054,1532,10586,22116,29131,lo_32,lo_32_2002,,
Mühlendamm,Spree,2003,6698,905149,1980925,11673,9913,1594,11507,23180,29878,lo_32,lo_32_2003,,
Mühlendamm,Spree,2004,6173,978833,1966213,13595,9046,1907,10953,24548,30721,lo_32,lo_32_2004,,
Mühlendamm,Spree,2005,4846,730908,1493167,13688,10179,1727,11906,25594,30440,lo_32,lo_32_2005,,
Mühlendamm,Spree,2006,3783,523599,1118223,15935,6261,1652,7913,23848,27631,lo_32,lo_32_2006,,
Mühlendamm,Spree,2007,5086,651423,1391130,21566,10343,1828,12171,33737,38823,lo_32,lo_32_2007,,
Mühlendamm,Spree,2008,3676,619899,1226878,20880,10965,1797,12762,33642,37318,lo_32,lo_32_2008,,
Mühlendamm,Spree,2009,2147,320685,632873,22339,11196,1791,12987,35326,37473,lo_32,lo_32_2009,,
Mühlendamm,Spree,2010,2152,307871,667297,22570,10984,1694,12678,35248,37400,lo_32,lo_32_2010,,
Mühlendamm,Spree,2011,2911,412599,882876,22814,10234,1817,12051,34865,37776,lo_32,lo_32_2011,,
Mühlendamm,Spree,2012,2628,393581,831634,23449,6345,1651,7996,31445,34073,lo_32,lo_32_2012,,
Mühlendamm,Spree,2013,2104,317685,638880,23548,6212,1363,7575,31123,33227,lo_32,lo_32_2013,,
Mühlendamm,Spree,2014,3577,636503,1475103,23213,6452,1528,7980,31193,34770,lo_32,lo_32_2014,,
Mühlendamm,Spree,2015,3577,636503,1475103,23213,6452,1528,7980,31193,34770,lo_32,lo_32_2015,,
Persenbeug,Danube,1994,12618,9986502,16804264,3585,913,126,967,4552,17169,lo_33,lo_33_1994,,
Persenbeug,Danube,1995,12618,9986502,16804264,3585,913,126,967,4552,17169,lo_33,lo_33_1995,,
Persenbeug,Danube,1996,12618,9986502,16804264,3585,913,126,967,4552,17169,lo_33,lo_33_1996,,
Persenbeug,Danube,1997,12618,9986502,16804264,3585,913,126,967,4552,17169,lo_33,lo_33_1997,,
Persenbeug,Danube,1998,12618,10979904,16804264,3585,913,126,967,4552,17169,lo_33,lo_33_1998,,
Persenbeug,Danube,1999,12618,9986502,16804264,3585,913,126,967,4552,17169,lo_33,lo_33_1999,,
Persenbeug,Danube,2000,12618,10979904,16804264,3585,913,126,967,4552,17169,lo_33,lo_33_2000,,
Persenbeug,Danube,2001,12618,11633673,16804264,3585,913,126,967,4552,17169,lo_33,lo_33_2001,,
Persenbeug,Danube,2002,12618,12316450,16804264,3585,913,126,967,4552,17169,lo_33,lo_33_2002,,
Persenbeug,Danube,2003,12618,10737354,16804264,3585,913,126,967,4552,17169,lo_33,lo_33_2003,,
Persenbeug,Danube,2004,12618,9072006,16804264,3585,913,126,967,4552,17169,lo_33,lo_33_2004,,
Persenbeug,Danube,2005,12618,9336126,16804264,3585,913,126,967,4552,17169,lo_33,lo_33_2005,,
Persenbeug,Danube,2006,12618,10844164,17391602,3585,913,126,967,4552,17169,lo_33,lo_33_2006,,
Persenbeug,Danube,2007,12618,12106540,18875427,3585,913,126,967,4552,17169,lo_33,lo_33_2007,,
Persenbeug,Danube,2008,12618,11208711,18506789,3585,913,126,967,4552,17169,lo_33,lo_33_2008,,
Persenbeug,Danube,2009,12771,9321810,15565770,3218,998,,998,4216,16987,lo_33,lo_33_2009,,
Persenbeug,Danube,2010,13691,11052079,17177701,3252,856,,856,4108,17799,lo_33,lo_33_2010,,
Persenbeug,Danube,2011,13463,9943288,16721126,3525,952,,952,4477,17940,lo_33,lo_33_2011,,
Persenbeug,Danube,2012,12385,10714007,16202904,3500,960,,960,4460,16845,lo_33,lo_33_2012,,
Persenbeug,Danube,2013,12555,10709847,16466329,3375,724,115,839,4214,16769,lo_33,lo_33_2013,,
Persenbeug,Danube,2014,12641,10121726,16583454,4062,799,174,973,5035,17676,lo_33,lo_33_2014,,
Persenbeug,Danube,2015,10817,8599355,14551540,4163,1102,88,1190,5353,16170,lo_33,lo_33_2015,,
Rathenow,Havel,1994,1433,521714,1328771,127,1590,585,2175,2302,3735,lo_34,lo_34_1994,,
Rathenow,Havel,1995,1433,521714,1328771,127,1590,585,2175,2302,3735,lo_34,lo_34_1995,,
Rathenow,Havel,1996,1661,485832,1528548,122,1267,496,1763,1885,3546,lo_34,lo_34_1996,,
Rathenow,Havel,1997,816,212836,817625,185,1233,539,1772,1957,2773,lo_34,lo_34_1997,,
Rathenow,Havel,1998,754,248880,591794,152,1433,633,2066,2218,2972,lo_34,lo_34_1998,,
Rathenow,Havel,1999,1076,309993,754142,143,1394,607,2001,2144,3220,lo_34,lo_34_1999,,
Rathenow,Havel,2000,377,115508,265478,178,1344,675,2019,2197,2574,lo_34,lo_34_2000,,
Rathenow,Havel,2001,464,156082,337645,110,1380,525,1905,2015,2479,lo_34,lo_34_2001,,
Rathenow,Havel,2002,57,3733,11265,138,1189,498,1687,1825,1882,lo_34,lo_34_2002,,
Rathenow,Havel,2003,51,1617,4579,140,1466,470,1936,2076,2127,lo_34,lo_34_2003,,
Rathenow,Havel,2004,287,37384,78346,185,3056,618,3674,3859,4146,lo_34,lo_34_2004,,
Rathenow,Havel,2005,220,61620,125892,194,2834,589,3423,3617,3837,lo_34,lo_34_2005,,
Rathenow,Havel,2006,239,62882,110913,719,1169,431,1600,2319,2558,lo_34,lo_34_2006,,85
Rathenow,Havel,2007,145,34740,83360,192,1637,457,2094,2286,2431,lo_34,lo_34_2007,,
Rathenow,Havel,2008,107,27073,53015,185,1187,397,1584,1769,1876,lo_34,lo_34_2008,,
Rathenow,Havel,2009,132,20781,44437,139,704,399,1103,1242,1374,lo_34,lo_34_2009,,
Rathenow,Havel,2010,230,40106,161562,165,689,320,1009,1174,1404,lo_34,lo_34_2010,,
Rathenow,Havel,2011,221,39592,167710,218,906,340,1246,1464,1685,lo_34,lo_34_2011,,
Rathenow,Havel,2012,190,10999,165353,148,1013,508,1521,1669,1859,lo_34,lo_34_2012,,
Rathenow,Havel,2013,31,3475,22236,177,789,394,1183,1360,1391,lo_34,lo_34_2013,,
Rathenow,Havel,2014,23,0,7719,172,815,280,1095,1267,1290,lo_34,lo_34_2014,,
Rathenow,Havel,2015,23,0,7719,172,815,280,1095,1267,1290,lo_34,lo_34_2015,,
Rothensee,Elbe_Zubringer,1994,8148,2291219,4710822,257,2993,295,3288,3545,11693,lo_35,lo_35_1994,,
Rothensee,Elbe_Zubringer,1995,8148,2291219,4710822,257,2993,295,3288,3545,11693,lo_35,lo_35_1995,,
Rothensee,Elbe_Zubringer,1996,8148,2291219,4710822,257,2993,295,3288,3545,11693,lo_35,lo_35_1996,,
Rothensee,Elbe_Zubringer,1997,8148,2291219,4710822,257,2993,295,3288,3545,11693,lo_35,lo_35_1997,,
Rothensee,Elbe_Zubringer,1998,8148,2291219,4710822,257,2993,295,3288,3545,11693,lo_35,lo_35_1998,,
Rothensee,Elbe_Zubringer,1999,13305,4300690,8275112,200,1444,299,1743,1943,15248,lo_35,lo_35_1999,,
Rothensee,Elbe_Zubringer,2000,15072,4940244,9484073,275,2016,282,2298,2573,17645,lo_35,lo_35_2000,,
Rothensee,Elbe_Zubringer,2001,12596,4160049,7927950,303,1896,283,2179,2482,15078,lo_35,lo_35_2001,,
Rothensee,Elbe_Zubringer,2002,12237,4394433,8112043,289,1736,252,1988,2277,14514,lo_35,lo_35_2002,,
Rothensee,Elbe_Zubringer,2003,12350,3502177,8118268,440,2215,431,2646,3086,15436,lo_35,lo_35_2003,,
Rothensee,Elbe_Zubringer,2004,8618,2559474,5465828,1155,1011,315,1326,2481,11099,lo_35,lo_35_2004,,
Rothensee,Elbe_Zubringer,2005,10156,3266213,6667171,1043,1036,447,1483,2526,12682,lo_35,lo_35_2005,,
Rothensee,Elbe_Zubringer,2006,8858,2725900,5660326,689,755,377,1132,1821,10679,lo_35,lo_35_2006,,
Rothensee,Elbe_Zubringer,2007,10750,3377137,7280640,1162,1314,563,1877,3039,13789,lo_35,lo_35_2007,,
Rothensee,Elbe_Zubringer,2008,10737,3241554,7455372,853,1224,504,1728,2581,13318,lo_35,lo_35_2008,,
Rothensee,Elbe_Zubringer,2009,8785,2765948,6841436,830,1139,418,1557,2387,11172,lo_35,lo_35_2009,,
Rothensee,Elbe_Zubringer,2010,7792,2721820,6130392,389,625,351,976,1365,9157,lo_35,lo_35_2010,,
Rothensee,Elbe_Zubringer,2011,8663,2945187,6697227,406,575,241,816,1222,9885,lo_35,lo_35_2011,,
Rothensee,Elbe_Zubringer,2012,6682,2546037,5852833,349,531,273,804,1153,7835,lo_35,lo_35_2012,,
Rothensee,Elbe_Zubringer,2013,6702,3026796,6408770,315,368,135,503,818,7520,lo_35,lo_35_2013,,
Rothensee,Elbe_Zubringer,2014,7246,3276158,7247446,140,178,130,308,448,7694,lo_35,lo_35_2014,,
Rothensee,Elbe_Zubringer,2015,7246,3276158,7247446,140,178,130,308,448,7694,lo_35,lo_35_2015,,
Schwedt,Oder,1994,784,168771,227515,99,1230,252,1481,1581,2365,lo_36,lo_36_1994,,
Schwedt,Oder,1995,784,168771,227515,99,1230,252,1481,1581,2365,lo_36,lo_36_1995,,
Schwedt,Oder,1996,784,168771,227515,99,1230,252,1481,1581,2365,lo_36,lo_36_1996,,
Schwedt,Oder,1997,784,168771,227515,99,1230,252,1481,1581,2365,lo_36,lo_36_1997,,
Schwedt,Oder,1998,784,168771,227515,99,1230,252,1481,1581,2365,lo_36,lo_36_1998,,
Schwedt,Oder,1999,784,168771,227515,99,1230,252,1481,1581,2365,lo_36,lo_36_1999,,
Schwedt,Oder,2000,784,168771,227515,99,1230,252,1481,1581,2365,lo_36,lo_36_2000,,
Schwedt,Oder,2001,784,168771,227515,99,1230,252,1481,1581,2365,lo_36,lo_36_2001,,
Schwedt,Oder,2002,784,168771,227515,99,1230,252,1481,1581,2365,lo_36,lo_36_2002,,
Schwedt,Oder,2003,784,168771,227515,99,1230,252,1481,1581,2365,lo_36,lo_36_2003,,
Schwedt,Oder,2004,1830,376723,528499,78,900,319,1219,1297,3127,lo_36,lo_36_2004,,
Schwedt,Oder,2005,2090,500174,580485,110,935,295,1230,1340,3430,lo_36,lo_36_2005,,
Schwedt,Oder,2006,2259,459435,643592,62,1049,367,1416,1478,3737,lo_36,lo_36_2006,,
Schwedt,Oder,2007,1220,283393,369350,194,657,172,829,1023,2243,lo_36,lo_36_2007,,
Schwedt,Oder,2008,534,92001,151139,210,966,251,1217,1427,1961,lo_36,lo_36_2008,,
Schwedt,Oder,2009,187,36419,61350,141,995,252,1247,1388,1575,lo_36,lo_36_2009,,
Schwedt,Oder,2010,111,26911,39514,95,949,180,1129,1224,1335,lo_36,lo_36_2010,,
Schwedt,Oder,2011,246,47858,74089,53,1618,286,1904,1957,2203,lo_36,lo_36_2011,,
Schwedt,Oder,2012,73,24345,34013,42,1943,177,2120,2162,2235,lo_36,lo_36_2012,,
Schwedt,Oder,2013,46,5414,11731,65,1648,246,1894,1959,2005,lo_36,lo_36_2013,,
Schwedt,Oder,2014,27,3804,8903,42,1867,222,2089,2131,2158,lo_36,lo_36_2014,,
Schwedt,Oder,2015,27,3804,8903,42,1867,222,2089,2131,2158,lo_36,lo_36_2015,,
zero,Various,1994,0,0,0,0,0,0,0,0,0,lo_88,lo_88_1994,,
zero,Various,1995,0,0,0,0,0,0,0,0,0,lo_88,lo_88_1995,,
zero,Various,1996,0,0,0,0,0,0,0,0,0,lo_88,lo_88_1996,,
zero,Various,1997,0,0,0,0,0,0,0,0,0,lo_88,lo_88_1997,,
zero,Various,1998,0,0,0,0,0,0,0,0,0,lo_88,lo_88_1998,,
zero,Various,1999,0,0,0,0,0,0,0,0,0,lo_88,lo_88_1999,,
zero,Various,2000,0,0,0,0,0,0,0,0,0,lo_88,lo_88_2000,,
zero,Various,2001,0,0,0,0,0,0,0,0,0,lo_88,lo_88_2001,,
zero,Various,2002,0,0,0,0,0,0,0,0,0,lo_88,lo_88_2002,,
zero,Various,2003,0,0,0,0,0,0,0,0,0,lo_88,lo_88_2003,,
zero,Various,2004,0,0,0,0,0,0,0,0,0,lo_88,lo_88_2004,,
zero,Various,2005,0,0,0,0,0,0,0,0,0,lo_88,lo_88_2005,,
zero,Various,2006,0,0,0,0,0,0,0,0,0,lo_88,lo_88_2006,,
zero,Various,2007,0,0,0,0,0,0,0,0,0,lo_88,lo_88_2007,,
zero,Various,2008,0,0,0,0,0,0,0,0,0,lo_88,lo_88_2008,,
zero,Various,2009,0,0,0,0,0,0,0,0,0,lo_88,lo_88_2009,,
zero,Various,2010,0,0,0,0,0,0,0,0,0,lo_88,lo_88_2010,,
zero,Various,2011,0,0,0,0,0,0,0,0,0,lo_88,lo_88_2011,,
zero,Various,2012,0,0,0,0,0,0,0,0,0,lo_88,lo_88_2012,,
zero,Various,2013,0,0,0,0,0,0,0,0,0,lo_88,lo_88_2013,,
zero,Various,2014,0,0,0,0,0,0,0,0,0,lo_88,lo_88_2014,,
zero,Various,2015,0,0,0,0,0,0,0,0,0,lo_88,lo_88_2015,,
Unknown,Various,1994,0,0,0,0,0,0,0,0,0,lo_99,lo_99_1994,,
Unknown,Various,1995,0,0,0,0,0,0,0,0,0,lo_99,lo_99_1995,,
Unknown,Various,1996,0,0,0,0,0,0,0,0,0,lo_99,lo_99_1996,,
Unknown,Various,1997,0,0,0,0,0,0,0,0,0,lo_99,lo_99_1997,,
Unknown,Various,1998,0,0,0,0,0,0,0,0,0,lo_99,lo_99_1998,,
Unknown,Various,1999,0,0,0,0,0,0,0,0,0,lo_99,lo_99_1999,,
Unknown,Various,2000,0,0,0,0,0,0,0,0,0,lo_99,lo_99_2000,,
Unknown,Various,2001,0,0,0,0,0,0,0,0,0,lo_99,lo_99_2001,,
Unknown,Various,2002,0,0,0,0,0,0,0,0,0,lo_99,lo_99_2002,,
Unknown,Various,2003,0,0,0,0,0,0,0,0,0,lo_99,lo_99_2003,,
Unknown,Various,2004,0,0,0,0,0,0,0,0,0,lo_99,lo_99_2004,,
Unknown,Various,2005,0,0,0,0,0,0,0,0,0,lo_99,lo_99_2005,,
Unknown,Various,2006,0,0,0,0,0,0,0,0,0,lo_99,lo_99_2006,,
Unknown,Various,2007,0,0,0,0,0,0,0,0,0,lo_99,lo_99_2007,,
Unknown,Various,2008,0,0,0,0,0,0,0,0,0,lo_99,lo_99_2008,,
Unknown,Various,2009,0,0,0,0,0,0,0,0,0,lo_99,lo_99_2009,,
Unknown,Various,2010,0,0,0,0,0,0,0,0,0,lo_99,lo_99_2010,,
Unknown,Various,2011,0,0,0,0,0,0,0,0,0,lo_99,lo_99_2011,,
Unknown,Various,2012,0,0,0,0,0,0,0,0,0,lo_99,lo_99_2012,,
Unknown,Various,2013,0,0,0,0,0,0,0,0,0,lo_99,lo_99_2013,,
Unknown,Various,2014,0,0,0,0,0,0,0,0,0,lo_99,lo_99_2014,,
Unknown,Various,2015,0,0,0,0,0,0,0,0,0,lo_99,lo_99_2015,,
